lcsc,First Seen,Last Seen
1002,2024/11/11,2024/12/16
1015,2024/11/11,2024/12/16
1017,2024/11/11,2024/12/16
1034,2024/11/11,2024/12/16
1035,2024/11/11,2024/12/16
1042,2024/11/11,2024/12/16
1043,2024/11/11,2024/12/16
1046,2024/11/11,2024/12/16
1049,2024/11/11,2024/12/16
1051,2024/11/11,2024/12/16
1523,2024/11/11,2024/12/16
1525,2024/11/11,2024/12/16
1527,2024/11/11,2024/12/16
1530,2024/11/11,2024/12/16
1531,2024/11/11,2024/12/16
1532,2024/11/11,2024/12/16
1537,2024/11/11,2024/12/16
1538,2024/11/11,2024/12/16
1542,2024/11/11,2024/12/16
1546,2024/11/11,2024/12/16
1547,2024/11/11,2024/12/16
1548,2024/11/11,2024/12/16
1549,2024/11/11,2024/12/16
1550,2024/11/11,2024/12/16
1552,2024/11/11,2024/12/16
1554,2024/11/11,2024/12/16
1555,2024/11/11,2024/12/16
1557,2024/11/11,2024/12/16
1559,2024/11/11,2024/12/16
1561,2024/11/11,2024/12/16
1562,2024/11/11,2024/12/16
1565,2024/11/11,2024/12/16
1567,2024/11/11,2024/12/16
1569,2024/11/11,2024/12/16
1570,2024/11/11,2024/12/16
1576,2024/11/11,2024/12/16
1585,2024/11/11,2024/12/16
1588,2024/11/11,2024/12/16
1594,2024/11/11,2024/12/16
1595,2024/11/11,2024/12/16
1596,2024/11/11,2024/12/16
1600,2024/11/11,2024/12/16
1603,2024/11/11,2024/12/16
1604,2024/11/11,2024/12/16
1609,2024/11/11,2024/12/16
1613,2024/11/11,2024/12/16
1615,2024/11/11,2024/12/16
1620,2024/11/11,2024/12/16
1622,2024/11/11,2024/12/16
1623,2024/11/11,2024/12/16
1630,2024/11/11,2024/12/16
1631,2024/11/11,2024/12/16
1634,2024/11/11,2024/12/16
1644,2024/11/11,2024/12/16
1647,2024/11/11,2024/12/16
1648,2024/11/11,2024/12/16
1653,2024/11/11,2024/12/16
1658,2024/11/11,2024/12/16
1663,2024/11/11,2024/12/16
1664,2024/11/11,2024/12/16
1669,2024/11/11,2024/12/16
1671,2024/11/11,2024/12/16
1679,2024/11/11,2024/12/16
1685,2024/11/11,2024/12/16
1710,2024/11/11,2024/12/16
1716,2024/11/11,2024/12/16
1717,2024/11/11,2024/12/16
1729,2024/11/11,2024/12/16
1739,2024/11/11,2024/12/16
1740,2024/11/11,2024/12/16
1743,2024/11/11,2024/12/16
1744,2024/11/11,2024/12/16
1755,2024/11/11,2024/12/16
1779,2024/11/11,2024/12/16
1790,2024/11/11,2024/12/16
1792,2024/11/11,2024/12/16
1797,2024/11/11,2024/12/16
1798,2024/11/11,2024/12/16
1804,2024/11/11,2024/12/16
1846,2024/11/11,2024/12/16
1848,2024/11/11,2024/12/16
1857,2024/11/11,2024/12/16
1980,2024/11/11,2024/12/16
2128,2024/11/11,2024/12/16
2145,2024/11/11,2024/12/16
2146,2024/11/11,2024/12/16
2149,2024/11/11,2024/12/16
2150,2024/11/11,2024/12/16
2286,2024/11/11,2024/12/16
2290,2024/11/11,2024/12/16
2296,2024/11/11,2024/12/16
2297,2024/11/11,2024/12/16
2480,2024/11/11,2024/12/16
2488,2024/11/11,2024/12/16
2500,2024/11/11,2024/12/16
3113,2024/11/11,2024/12/16
4109,2024/11/11,2024/12/16
4172,2024/11/11,2024/12/16
4177,2024/11/11,2024/12/16
4184,2024/11/11,2024/12/16
4190,2024/11/11,2024/12/16
4197,2024/11/11,2024/12/16
4211,2024/11/11,2024/12/16
4216,2024/11/11,2024/12/16
4260,2024/11/11,2024/12/16
4275,2024/11/11,2024/12/16
4310,2024/11/11,2024/12/16
4328,2024/11/11,2024/12/16
4360,2024/11/11,2024/12/16
4382,2024/11/11,2024/12/16
4410,2024/11/11,2024/12/16
5377,2024/11/11,2024/12/16
5378,2024/11/11,2024/12/16
5446,2024/11/11,2024/12/16
5590,2024/11/11,2024/12/16
5593,2024/11/11,2024/12/16
5605,2024/11/11,2024/12/16
5613,2024/11/11,2024/12/16
5625,2024/11/11,2024/12/16
5672,2024/11/11,2024/12/16
5947,2024/11/11,2024/12/16
6186,2024/11/11,2024/12/16
6187,2024/11/11,2024/12/16
6482,2024/11/11,2024/12/16
6521,2024/11/11,2024/12/16
6568,2024/11/11,2024/12/16
6649,2024/11/11,2024/12/16
6749,2024/11/11,2024/12/16
6855,2024/11/11,2024/12/16
6952,2024/11/11,2024/12/16
6961,2024/11/11,2024/12/16
7063,2024/11/11,2024/12/16
7171,2024/11/11,2024/12/16
7250,2024/11/11,2024/12/16
7377,2024/11/11,2024/12/16
7426,2024/11/11,2024/12/16
7433,2024/11/11,2024/12/16
7440,2024/11/11,2024/12/16
7512,2024/11/11,2024/12/16
7532,2024/11/11,2024/12/16
7562,2024/11/11,2024/12/16
7593,2024/11/11,2024/12/16
7722,2024/11/11,2024/12/16
7859,2024/11/11,2024/12/16
7881,2024/11/11,2024/12/16
7950,2024/11/11,2024/12/16
7955,2024/11/11,2024/12/16
7972,2024/11/11,2024/12/16
8218,2024/11/11,2024/12/16
8254,2024/11/11,2024/12/16
8326,2024/11/11,2024/12/16
8492,2024/11/11,2024/12/16
8512,2024/11/11,2024/12/16
8542,2024/11/11,2024/12/16
8543,2024/11/11,2024/12/16
8545,2024/11/11,2024/12/16
8598,2024/11/11,2024/12/16
8678,2024/11/11,2024/12/16
8734,2024/11/11,2024/12/16
8959,2024/11/11,2024/12/16
8963,2024/11/11,2024/12/16
9002,2024/11/11,2024/12/16
9006,2024/11/11,2024/12/16
9196,2024/11/11,2024/12/16
9634,2024/11/11,2024/12/16
9669,2024/11/11,2024/12/16
9683,2024/11/11,2024/12/16
9861,2024/11/11,2024/12/16
9864,2024/11/11,2024/12/16
9865,2024/11/11,2024/12/16
10002,2024/11/11,2024/12/16
10487,2024/11/11,2024/12/16
11616,2024/11/11,2024/12/16
11702,2024/11/11,2024/12/16
12044,2024/11/11,2024/12/16
12084,2024/11/11,2024/12/16
12447,2024/11/11,2024/12/16
12530,2024/11/11,2024/12/16
12674,2024/11/11,2024/12/16
12891,2024/11/11,2024/12/16
13167,2024/11/11,2024/12/16
13320,2024/11/11,2024/12/16
13415,2024/11/11,2024/12/16
13482,2024/11/11,2024/12/16
13533,2024/11/11,2024/12/16
13585,2024/11/11,2024/12/16
13738,2024/11/11,2024/12/16
13967,2024/11/11,2024/12/16
14033,2024/11/11,2024/12/16
14289,2024/11/11,2024/12/16
14441,2024/11/11,2024/12/16
14663,2024/11/11,2024/12/16
14857,2024/11/11,2024/12/16
14858,2024/11/11,2024/12/16
14877,2024/11/11,2024/12/16
14996,2024/11/11,2024/12/16
15008,2024/11/11,2024/12/16
15127,2024/11/11,2024/12/16
15195,2024/11/11,2024/12/16
15525,2024/11/11,2024/12/16
15849,2024/11/11,2024/12/16
15850,2024/11/11,2024/12/16
15879,2024/11/11,2024/12/16
16106,2024/11/11,2024/12/16
16133,2024/11/11,2024/12/16
16581,2024/11/11,2024/12/16
16772,2024/11/11,2024/12/16
16780,2024/11/11,2024/12/16
17168,2024/11/11,2024/12/16
17379,2024/11/11,2024/12/16
17398,2024/11/11,2024/12/16
17408,2024/11/11,2024/12/16
17414,2024/11/11,2024/12/16
17415,2024/11/11,2024/12/16
17429,2024/11/11,2024/12/16
17436,2024/11/11,2024/12/16
17437,2024/11/11,2024/12/16
17444,2024/11/11,2024/12/16
17455,2024/11/11,2024/12/16
17470,2024/11/11,2024/12/16
17471,2024/11/11,2024/12/16
17475,2024/11/11,2024/12/16
17477,2024/11/11,2024/12/16
17480,2024/11/11,2024/12/16
17490,2024/11/11,2024/12/16
17501,2024/11/11,2024/12/16
17506,2024/11/11,2024/12/16
17513,2024/11/11,2024/12/16
17514,2024/11/11,2024/12/16
17520,2024/11/11,2024/12/16
17521,2024/11/11,2024/12/16
17526,2024/11/11,2024/12/16
17530,2024/11/11,2024/12/16
17539,2024/11/11,2024/12/16
17540,2024/11/11,2024/12/16
17544,2024/11/11,2024/12/16
17556,2024/11/11,2024/12/16
17557,2024/11/11,2024/12/16
17560,2024/11/11,2024/12/16
17561,2024/11/11,2024/12/16
17572,2024/11/11,2024/12/16
17575,2024/11/11,2024/12/16
17589,2024/11/11,2024/12/16
17590,2024/11/11,2024/12/16
17593,2024/11/11,2024/12/16
17594,2024/11/11,2024/12/16
17604,2024/11/11,2024/12/16
17606,2024/11/11,2024/12/16
17614,2024/11/11,2024/12/16
17616,2024/11/11,2024/12/16
17617,2024/11/11,2024/12/16
17621,2024/11/11,2024/12/16
17629,2024/11/11,2024/12/16
17630,2024/11/11,2024/12/16
17633,2024/11/11,2024/12/16
17634,2024/11/11,2024/12/16
17655,2024/11/11,2024/12/16
17656,2024/11/11,2024/12/16
17661,2024/11/11,2024/12/16
17667,2024/11/11,2024/12/16
17673,2024/11/11,2024/12/16
17675,2024/11/11,2024/12/16
17677,2024/11/11,2024/12/16
17695,2024/11/11,2024/12/16
17709,2024/11/11,2024/12/16
17710,2024/11/11,2024/12/16
17713,2024/11/11,2024/12/16
17714,2024/11/11,2024/12/16
17719,2024/11/11,2024/12/16
17720,2024/11/11,2024/12/16
17724,2024/11/11,2024/12/16
17733,2024/11/11,2024/12/16
17734,2024/11/11,2024/12/16
17737,2024/11/11,2024/12/16
17738,2024/11/11,2024/12/16
17756,2024/11/11,2024/12/16
17757,2024/11/11,2024/12/16
17767,2024/11/11,2024/12/16
17772,2024/11/11,2024/12/16
17783,2024/11/11,2024/12/16
17797,2024/11/11,2024/12/16
17798,2024/11/11,2024/12/16
17801,2024/11/11,2024/12/16
17802,2024/11/11,2024/12/16
17807,2024/11/11,2024/12/16
17818,2024/11/11,2024/12/16
17819,2024/11/11,2024/12/16
17828,2024/11/11,2024/12/16
17837,2024/11/11,2024/12/16
17840,2024/11/11,2024/12/16
17855,2024/11/11,2024/12/16
17887,2024/11/11,2024/12/16
17888,2024/11/11,2024/12/16
17900,2024/11/11,2024/12/16
17901,2024/11/11,2024/12/16
17902,2024/11/11,2024/12/16
17903,2024/11/11,2024/12/16
17909,2024/11/11,2024/12/16
17924,2024/11/11,2024/12/16
17927,2024/11/11,2024/12/16
17928,2024/11/11,2024/12/16
17936,2024/11/11,2024/12/16
17944,2024/11/11,2024/12/16
17955,2024/11/11,2024/12/16
17958,2024/11/11,2024/12/16
17985,2024/11/11,2024/12/16
18229,2024/11/11,2024/12/16
18359,2024/11/11,2024/12/16
19666,2024/11/11,2024/12/16
19702,2024/11/11,2024/12/16
20197,2024/11/11,2024/12/16
20526,2024/11/11,2024/12/16
20638,2024/11/11,2024/12/16
20917,2024/11/11,2024/12/16
21117,2024/11/11,2024/12/16
21120,2024/11/11,2024/12/16
21122,2024/11/11,2024/12/16
21189,2024/11/11,2024/12/16
21190,2024/11/11,2024/12/16
21379,2024/11/11,2024/12/16
22107,2024/11/11,2024/12/16
22452,2024/11/11,2024/12/16
22764,2024/11/11,2024/12/16
22765,2024/11/11,2024/12/16
22775,2024/11/11,2024/12/16
22787,2024/11/11,2024/12/16
22790,2024/11/11,2024/12/16
22795,2024/11/11,2024/12/16
22797,2024/11/11,2024/12/16
22807,2024/11/11,2024/12/16
22808,2024/11/11,2024/12/16
22809,2024/11/11,2024/12/16
22810,2024/11/11,2024/12/16
22813,2024/11/11,2024/12/16
22818,2024/11/11,2024/12/16
22827,2024/11/11,2024/12/16
22828,2024/11/11,2024/12/16
22843,2024/11/11,2024/12/16
22859,2024/11/11,2024/12/16
22935,2024/11/11,2024/12/16
22936,2024/11/11,2024/12/16
22938,2024/11/11,2024/12/16
22939,2024/11/11,2024/12/16
22940,2024/11/11,2024/12/16
22950,2024/11/11,2024/12/16
22961,2024/11/11,2024/12/16
22962,2024/11/11,2024/12/16
22965,2024/11/11,2024/12/16
22966,2024/11/11,2024/12/16
22967,2024/11/11,2024/12/16
22975,2024/11/11,2024/12/16
22976,2024/11/11,2024/12/16
22977,2024/11/11,2024/12/16
22978,2024/11/11,2024/12/16
22980,2024/11/11,2024/12/16
22984,2024/11/11,2024/12/16
23018,2024/11/11,2024/12/16
23024,2024/11/11,2024/12/16
23025,2024/11/11,2024/12/16
23046,2024/11/11,2024/12/16
23137,2024/11/11,2024/12/16
23138,2024/11/11,2024/12/16
23140,2024/11/11,2024/12/16
23146,2024/11/11,2024/12/16
23147,2024/11/11,2024/12/16
23150,2024/11/11,2024/12/16
23151,2024/11/11,2024/12/16
23153,2024/11/11,2024/12/16
23156,2024/11/11,2024/12/16
23159,2024/11/11,2024/12/16
23162,2024/11/11,2024/12/16
23163,2024/11/11,2024/12/16
23164,2024/11/11,2024/12/16
23170,2024/11/11,2024/12/16
23172,2024/11/11,2024/12/16
23178,2024/11/11,2024/12/16
23179,2024/11/11,2024/12/16
23182,2024/11/11,2024/12/16
23184,2024/11/11,2024/12/16
23185,2024/11/11,2024/12/16
23186,2024/11/11,2024/12/16
23189,2024/11/11,2024/12/16
23192,2024/11/11,2024/12/16
23193,2024/11/11,2024/12/16
23196,2024/11/11,2024/12/16
23197,2024/11/11,2024/12/16
23203,2024/11/11,2024/12/16
23204,2024/11/11,2024/12/16
23206,2024/11/11,2024/12/16
23212,2024/11/11,2024/12/16
23220,2024/11/11,2024/12/16
23221,2024/11/11,2024/12/16
23228,2024/11/11,2024/12/16
23231,2024/11/11,2024/12/16
23234,2024/11/11,2024/12/16
23240,2024/11/11,2024/12/16
23241,2024/11/11,2024/12/16
23242,2024/11/11,2024/12/16
23253,2024/11/11,2024/12/16
23254,2024/11/11,2024/12/16
23255,2024/11/11,2024/12/16
23260,2024/11/11,2024/12/16
23265,2024/11/11,2024/12/16
23345,2024/11/11,2024/12/16
23350,2024/11/11,2024/12/16
23352,2024/11/11,2024/12/16
23630,2024/11/11,2024/12/16
23733,2024/11/11,2024/12/16
23922,2024/11/11,2024/12/16
24112,2024/11/11,2024/12/16
24278,2024/11/11,2024/12/16
24497,2024/11/11,2024/12/16
25076,2024/11/11,2024/12/16
25077,2024/11/11,2024/12/16
25079,2024/11/11,2024/12/16
25082,2024/11/11,2024/12/16
25086,2024/11/11,2024/12/16
25087,2024/11/11,2024/12/16
25091,2024/11/11,2024/12/16
25092,2024/11/11,2024/12/16
25102,2024/11/11,2024/12/16
25104,2024/11/11,2024/12/16
25105,2024/11/11,2024/12/16
25117,2024/11/11,2024/12/16
25118,2024/11/11,2024/12/16
25120,2024/11/11,2024/12/16
25123,2024/11/11,2024/12/16
25125,2024/11/11,2024/12/16
25130,2024/11/11,2024/12/16
25133,2024/11/11,2024/12/16
25190,2024/11/11,2024/12/16
25194,2024/11/11,2024/12/16
25196,2024/11/11,2024/12/16
25197,2024/11/11,2024/12/16
25270,2024/11/11,2024/12/16
25271,2024/11/11,2024/12/16
25334,2024/11/11,2024/12/16
25510,2024/11/11,2024/12/16
25725,2024/11/11,2024/12/16
25741,2024/11/11,2024/12/16
25744,2024/11/11,2024/12/16
25750,2024/11/11,2024/12/16
25752,2024/11/11,2024/12/16
25755,2024/11/11,2024/12/16
25756,2024/11/11,2024/12/16
25762,2024/11/11,2024/12/16
25764,2024/11/11,2024/12/16
25765,2024/11/11,2024/12/16
25767,2024/11/11,2024/12/16
25768,2024/11/11,2024/12/16
25769,2024/11/11,2024/12/16
25771,2024/11/11,2024/12/16
25774,2024/11/11,2024/12/16
25778,2024/11/11,2024/12/16
25779,2024/11/11,2024/12/16
25783,2024/11/11,2024/12/16
25790,2024/11/11,2024/12/16
25792,2024/11/11,2024/12/16
25794,2024/11/11,2024/12/16
25796,2024/11/11,2024/12/16
25798,2024/11/11,2024/12/16
25803,2024/11/11,2024/12/16
25804,2024/11/11,2024/12/16
25805,2024/11/11,2024/12/16
25808,2024/11/11,2024/12/16
25810,2024/11/11,2024/12/16
25811,2024/11/11,2024/12/16
25819,2024/11/11,2024/12/16
25822,2024/11/11,2024/12/16
25826,2024/11/11,2024/12/16
25862,2024/11/11,2024/12/16
25867,2024/11/11,2024/12/16
25879,2024/11/11,2024/12/16
25882,2024/11/11,2024/12/16
25890,2024/11/11,2024/12/16
25897,2024/11/11,2024/12/16
25900,2024/11/11,2024/12/16
25905,2024/11/11,2024/12/16
25908,2024/11/11,2024/12/16
25917,2024/11/11,2024/12/16
25918,2024/11/11,2024/12/16
25924,2024/11/11,2024/12/16
25950,2024/11/11,2024/12/16
25969,2024/11/11,2024/12/16
25981,2024/11/11,2024/12/16
26010,2024/11/11,2024/12/16
26082,2024/11/11,2024/12/16
26083,2024/11/11,2024/12/16
26108,2024/11/11,2024/12/16
26112,2024/11/11,2024/12/16
26113,2024/11/11,2024/12/16
26404,2024/11/11,2024/12/16
26860,2024/11/11,2024/12/16
27143,2024/11/11,2024/12/16
27147,2024/11/11,2024/12/16
27592,2024/11/11,2024/12/16
27834,2024/11/11,2024/12/16
28233,2024/11/11,2024/12/16
28260,2024/11/11,2024/12/16
28262,2024/11/11,2024/12/16
28323,2024/11/11,2024/12/16
28636,2024/11/11,2024/12/16
29718,2024/11/11,2024/12/16
29823,2024/11/11,2024/12/16
29981,2024/11/11,2024/12/16
30274,2024/11/11,2024/12/16
31658,2024/11/11,2024/12/16
31850,2024/11/11,2024/12/16
32078,2024/11/11,2024/12/16
32346,2024/11/11,2024/12/16
32375,2024/11/11,2024/12/16
32565,2024/11/11,2024/12/16
32574,2024/11/11,2024/12/16
32677,2024/11/11,2024/12/16
32949,2024/11/11,2024/12/16
34465,2024/11/11,2024/12/16
34499,2024/11/11,2024/12/16
35216,2024/11/11,2024/12/16
35722,2024/11/11,2024/12/16
36871,2024/11/11,2024/12/16
37474,2024/11/11,2024/12/16
37704,2024/11/11,2024/12/16
38523,2024/11/11,2024/12/16
39148,2024/11/11,2024/12/16
45783,2024/11/11,2024/12/16
46219,2024/11/11,2024/12/16
46653,2024/11/11,2024/12/16
47339,2024/11/11,2024/12/16
49678,2024/11/11,2024/12/16
50254,2024/11/11,2024/12/16
51721,2024/11/11,2024/12/16
52717,2024/11/11,2024/12/16
52923,2024/11/11,2024/12/16
53134,2024/11/11,2024/12/16
53987,2024/11/11,2024/12/16
57112,2024/11/11,2024/12/16
58069,2024/11/11,2024/12/16
59461,2024/11/11,2024/12/16
61063,2024/11/11,2024/12/16
64885,2024/11/11,2024/12/16
64886,2024/11/11,2024/12/16
64898,2024/11/11,2024/12/16
68035,2024/11/11,2024/12/16
68978,2024/11/11,2024/12/16
71035,2024/11/11,2024/12/16
71136,2024/11/11,2024/12/16
72038,2024/11/11,2024/12/16
72043,2024/11/11,2024/12/16
74192,2024/11/11,2024/12/16
75501,2024/11/11,2024/12/16
75510,2024/11/11,2024/12/16
76590,2024/11/11,2024/12/06
78395,2024/11/11,2024/12/16
79988,2024/11/11,2024/12/16
81598,2024/11/11,2024/12/16
84256,2024/11/11,2024/12/16
85364,2024/11/11,2024/12/16
95872,2024/11/11,2024/12/16
96123,2024/11/11,2024/12/16
96446,2024/11/11,2024/12/16
97521,2024/11/11,2024/12/16
101470,2024/11/11,2024/12/16
102076,2024/11/11,2024/12/16
105432,2024/11/11,2024/12/16
106900,2024/11/11,2024/12/16
107045,2024/11/11,2024/12/16
107110,2024/11/11,2024/12/16
107114,2024/11/11,2024/12/16
107115,2024/11/11,2024/12/16
107145,2024/11/11,2024/12/16
110020,2024/11/11,2024/12/16
112574,2024/11/11,2024/12/16
115764,2024/11/11,2024/11/20
115962,2024/11/11,2024/12/16
131821,2024/11/11,2024/12/05
142300,2024/11/11,2024/12/16
149504,2024/11/11,2024/12/16
154598,2024/11/11,2024/12/06
156307,2024/11/11,2024/11/13
177045,2024/11/11,2024/11/13
177086,2024/11/11,2024/12/05
179353,2024/11/11,2024/11/20
179439,2024/11/11,2024/11/11
179593,2024/11/11,2024/11/20
210465,2024/11/11,2024/12/16
191023,2024/11/11,2024/12/16
220787,2024/11/11,2024/11/21
231048,2024/11/11,2024/12/16
233584,2024/11/11,2024/12/02
241823,2024/11/11,2024/11/11
255741,2024/11/11,2024/11/20
296127,2024/11/11,2024/11/19
307331,2024/11/11,2024/12/16
318884,2024/11/11,2024/12/16
321194,2024/11/11,2024/11/18
322169,2024/11/11,2024/12/16
341511,2024/11/11,2024/12/08
358681,2024/11/11,2024/11/11
360353,2024/11/11,2024/12/05
364310,2024/11/11,2024/12/16
364312,2024/11/11,2024/12/16
377773,2024/11/11,2024/12/16
380359,2024/11/11,2024/12/16
408396,2024/11/11,2024/12/16
412437,2024/11/11,2024/12/16
427383,2024/11/11,2024/12/16
427390,2024/11/11,2024/12/16
427391,2024/11/11,2024/12/16
431710,2024/11/11,2024/12/16
437156,2024/11/11,2024/12/16
437564,2024/11/11,2024/11/21
440198,2024/11/11,2024/12/16
459293,2024/11/11,2024/12/16
460639,2024/11/11,2024/11/13
461091,2024/11/11,2024/11/11
463680,2024/11/11,2024/12/05
471601,2024/11/11,2024/12/16
474422,2024/11/11,2024/11/21
476385,2024/11/11,2024/11/14
484513,2024/11/11,2024/12/03
485694,2024/11/11,2024/11/12
489243,2024/11/11,2024/11/21
497914,2024/11/11,2024/12/05
504132,2024/11/11,2024/11/12
507849,2024/11/11,2024/11/14
518889,2024/11/11,2024/12/05
524645,2024/11/11,2024/11/21
525743,2024/11/11,2024/12/01
528626,2024/11/11,2024/12/16
576393,2024/11/11,2024/12/16
577364,2024/11/11,2024/12/16
600856,2024/11/11,2024/11/21
636034,2024/11/11,2024/12/16
636300,2024/11/11,2024/12/02
636421,2024/11/11,2024/12/02
637214,2024/11/11,2024/11/15
707255,2024/11/11,2024/12/16
719499,2024/11/11,2024/12/16
780826,2024/11/11,2024/11/12
780899,2024/11/11,2024/11/18
840162,2024/11/11,2024/12/05
880331,2024/11/11,2024/12/02
880350,2024/11/11,2024/11/26
907741,2024/11/11,2024/12/16
913748,2024/11/11,2024/11/21
913768,2024/11/11,2024/11/21
965926,2024/11/11,2024/12/16
1322360,2024/11/11,2024/12/16
1323289,2024/11/11,2024/12/02
1884530,2024/11/11,2024/12/16
2688588,2024/11/11,2024/11/12
2691401,2024/11/11,2024/11/27
2758765,2024/11/11,2024/12/16
2760575,2024/11/11,2024/11/26
2761708,2024/11/11,2024/12/06
2761725,2024/11/11,2024/12/05
2775047,2024/11/11,2024/12/16
2798204,2024/11/11,2024/12/05
2803550,2024/11/11,2024/12/05
2826895,2024/11/11,2024/12/06
2827354,2024/11/11,2024/12/05
2827387,2024/11/11,2024/12/16
2827415,2024/11/11,2024/12/16
2827458,2024/11/11,2024/12/05
2828435,2024/11/11,2024/12/05
2828756,2024/11/11,2024/12/16
2828769,2024/11/11,2024/12/16
2829399,2024/11/11,2024/12/16
2829400,2024/11/11,2024/12/16
2829996,2024/11/11,2024/12/16
2830529,2024/11/11,2024/12/01
2831458,2024/11/11,2024/11/14
2833277,2024/11/11,2024/12/16
2837894,2024/11/11,2024/12/05
2838983,2024/11/11,2024/12/16
2839965,2024/11/11,2024/12/16
2841137,2024/11/11,2024/12/05
2841497,2024/11/11,2024/12/05
2841501,2024/11/11,2024/12/05
2842272,2024/11/11,2024/12/16
2842780,2024/11/11,2024/12/05
2843315,2024/11/11,2024/12/16
2843464,2024/11/11,2024/12/06
2843728,2024/11/11,2024/12/05
2844308,2024/11/11,2024/12/16
2844384,2024/11/11,2024/12/16
2844914,2024/11/11,2024/12/16
2844915,2024/11/11,2024/12/05
2844916,2024/11/11,2024/12/05
2845202,2024/11/11,2024/12/16
2847017,2024/11/11,2024/12/05
2847087,2024/11/11,2024/12/16
2847095,2024/11/11,2024/12/05
2847100,2024/11/11,2024/12/05
2847592,2024/11/11,2024/12/16
2848658,2024/11/11,2024/12/05
2848660,2024/11/11,2024/12/05
2848678,2024/11/11,2024/12/05
2849465,2024/11/11,2024/12/16
2857161,2024/11/11,2024/11/15
2857871,2024/11/11,2024/12/05
2857994,2024/11/11,2024/12/16
2858862,2024/11/11,2024/12/02
2859537,2024/11/11,2024/12/05
2874045,2024/11/11,2024/12/16
2874047,2024/11/11,2024/12/16
2875244,2024/11/11,2024/12/16
2875374,2024/11/11,2024/12/05
2875376,2024/11/11,2024/12/06
2875379,2024/11/11,2024/12/06
2875380,2024/11/11,2024/12/06
2875615,2024/11/11,2024/12/16
2875675,2024/11/11,2024/12/05
2880035,2024/11/11,2024/12/16
2885075,2024/11/11,2024/12/08
2886026,2024/11/11,2024/12/05
2886301,2024/11/11,2024/12/05
2886720,2024/11/11,2024/12/05
2887192,2024/11/11,2024/12/05
2887205,2024/11/11,2024/12/05
2891286,2024/11/11,2024/12/05
2891308,2024/11/11,2024/12/05
2891786,2024/11/11,2024/12/16
2891869,2024/11/11,2024/12/06
2892573,2024/11/11,2024/11/12
2892662,2024/11/11,2024/12/05
2892323,2024/11/11,2024/12/05
2893246,2024/11/11,2024/12/16
2895080,2024/11/11,2024/12/05
2895790,2024/11/11,2024/12/05
2895820,2024/11/11,2024/12/05
2896029,2024/11/11,2024/12/05
2896031,2024/11/11,2024/12/05
2896032,2024/11/11,2024/12/05
2896034,2024/11/11,2024/12/05
2896045,2024/11/11,2024/12/05
2896105,2024/11/11,2024/12/05
2896106,2024/11/11,2024/12/05
2896116,2024/11/11,2024/12/05
2896120,2024/11/11,2024/12/05
2896122,2024/11/11,2024/12/05
2896123,2024/11/11,2024/12/05
2896177,2024/11/11,2024/12/05
2896182,2024/11/11,2024/12/05
2896196,2024/11/11,2024/12/05
2896199,2024/11/11,2024/12/05
2896222,2024/11/11,2024/12/05
2896227,2024/11/11,2024/12/05
2896252,2024/11/11,2024/12/05
2896255,2024/11/11,2024/12/05
2896257,2024/11/11,2024/12/05
2896259,2024/11/11,2024/12/05
2896260,2024/11/11,2024/12/05
2896262,2024/11/11,2024/12/05
2896327,2024/11/11,2024/12/05
2896328,2024/11/11,2024/12/05
2896329,2024/11/11,2024/12/05
2896336,2024/11/11,2024/12/05
2896353,2024/11/11,2024/12/05
2896365,2024/11/11,2024/12/05
2896385,2024/11/11,2024/12/05
2896387,2024/11/11,2024/12/05
2896388,2024/11/11,2024/12/05
2896390,2024/11/11,2024/12/05
2896397,2024/11/11,2024/12/05
2896489,2024/11/11,2024/12/05
2896508,2024/11/11,2024/12/05
2896509,2024/11/11,2024/12/05
2896510,2024/11/11,2024/12/05
2896512,2024/11/11,2024/12/05
2896513,2024/11/11,2024/12/05
2896514,2024/11/11,2024/12/05
2896541,2024/11/11,2024/12/05
2898363,2024/11/11,2024/12/05
2898651,2024/11/11,2024/12/05
2898685,2024/11/11,2024/12/05
2898934,2024/11/11,2024/12/05
2901344,2024/11/11,2024/12/06
2903680,2024/11/11,2024/11/21
2903906,2024/11/11,2024/12/16
2903907,2024/11/11,2024/11/18
2903912,2024/11/11,2024/12/16
2903950,2024/11/11,2024/12/05
2906867,2024/11/11,2024/12/05
2906941,2024/11/11,2024/12/05
2907046,2024/11/11,2024/12/16
2907560,2024/11/11,2024/12/16
2908833,2024/11/11,2024/11/18
2914779,2024/11/11,2024/12/05
2917883,2024/11/11,2024/12/05
2919195,2024/11/11,2024/12/05
2919213,2024/11/11,2024/12/05
2919214,2024/11/11,2024/12/05
2919216,2024/11/11,2024/12/05
2919217,2024/11/11,2024/12/05
2919233,2024/11/11,2024/12/16
2919236,2024/11/11,2024/12/16
2919238,2024/11/11,2024/12/16
2919298,2024/11/11,2024/12/16
2919311,2024/11/11,2024/12/16
2919314,2024/11/11,2024/12/16
2919318,2024/11/11,2024/12/16
2919344,2024/11/11,2024/12/16
2919348,2024/11/11,2024/12/16
2919361,2024/11/11,2024/11/28
2919363,2024/11/11,2024/11/25
2919380,2024/11/11,2024/12/05
2919388,2024/11/11,2024/12/05
2919408,2024/11/11,2024/12/05
2919410,2024/11/11,2024/12/05
2919429,2024/11/11,2024/12/05
2919430,2024/11/11,2024/12/05
2919431,2024/11/11,2024/12/05
2919432,2024/11/11,2024/12/05
2919433,2024/11/11,2024/12/05
2919435,2024/11/11,2024/12/05
2919440,2024/11/11,2024/12/05
2919446,2024/11/11,2024/12/05
2919662,2024/11/11,2024/12/16
2919736,2024/11/11,2024/12/05
2922161,2024/11/11,2024/12/05
2922170,2024/11/11,2024/12/05
2922174,2024/11/11,2024/11/18
2922180,2024/11/11,2024/12/05
2922181,2024/11/11,2024/12/05
2922182,2024/11/11,2024/12/05
2922183,2024/11/11,2024/12/05
2922789,2024/11/11,2024/12/05
2923784,2024/11/11,2024/12/05
2923844,2024/11/11,2024/12/05
2924827,2024/11/11,2024/12/16
2924957,2024/11/11,2024/12/16
2925441,2024/11/11,2024/12/16
2925443,2024/11/11,2024/12/16
2925451,2024/11/11,2024/12/16
2926148,2024/11/11,2024/12/05
2927596,2024/11/11,2024/12/16
2929991,2024/11/11,2024/12/05
2929995,2024/11/11,2024/12/05
2930002,2024/11/11,2024/12/05
2930016,2024/11/11,2024/12/16
2930023,2024/11/11,2024/12/16
2930082,2024/11/11,2024/12/16
2930112,2024/11/11,2024/12/16
2930114,2024/11/11,2024/12/16
2930116,2024/11/11,2024/12/16
2930221,2024/11/11,2024/12/10
2930272,2024/11/11,2024/12/16
2930384,2024/11/11,2024/12/16
2930429,2024/11/11,2024/12/16
2932743,2024/11/11,2024/12/16
2932754,2024/11/11,2024/12/16
2932771,2024/11/11,2024/12/16
2933370,2024/11/11,2024/12/16
2933384,2024/11/11,2024/12/16
2933461,2024/11/11,2024/12/16
2933499,2024/11/11,2024/12/16
2933675,2024/11/11,2024/12/16
2934341,2024/11/11,2024/12/10
2934388,2024/11/11,2024/12/16
2934850,2024/11/11,2024/12/05
2935077,2024/11/11,2024/12/16
2935146,2024/11/11,2024/11/14
2935357,2024/11/11,2024/12/16
2935551,2024/11/11,2024/12/16
2935615,2024/11/11,2024/12/16
2936159,2024/11/11,2024/12/16
2936988,2024/11/11,2024/12/16
2937527,2024/11/11,2024/11/25
2939935,2024/11/11,2024/12/16
2943729,2024/11/11,2024/12/05
2943867,2024/11/11,2024/12/01
2947443,2024/11/11,2024/11/21
2960604,2024/11/11,2024/12/16
2961329,2024/11/11,2024/12/16
2961921,2024/11/11,2024/12/16
2962896,2024/11/11,2024/12/16
2972651,2024/11/11,2024/12/06
2974934,2024/11/11,2024/12/16
2975359,2024/11/11,2024/12/16
2975471,2024/11/11,2024/11/21
2976576,2024/11/11,2024/12/16
2976635,2024/11/11,2024/12/05
2976636,2024/11/11,2024/12/05
2977778,2024/11/11,2024/12/16
2979167,2024/11/11,2024/12/16
2979698,2024/11/11,2024/12/16
2981674,2024/11/11,2024/12/16
2981774,2024/11/11,2024/12/16
2982529,2024/11/11,2024/12/02
2983084,2024/11/11,2024/12/16
2983323,2024/11/11,2024/11/11
2985711,2024/11/11,2024/12/05
2986112,2024/11/11,2024/12/05
2986164,2024/11/11,2024/12/05
2986199,2024/11/11,2024/11/14
2987356,2024/11/11,2024/12/16
2990124,2024/11/11,2024/12/16
2990261,2024/11/11,2024/12/16
2990414,2024/11/11,2024/12/16
2990416,2024/11/11,2024/12/16
2990473,2024/11/11,2024/12/16
2990493,2024/11/11,2024/12/16
2990917,2024/11/11,2024/12/06
2991058,2024/11/11,2024/12/16
2991080,2024/11/11,2024/12/16
2991336,2024/11/11,2024/12/16
2991347,2024/11/11,2024/12/16
2991405,2024/11/11,2024/12/16
2991699,2024/11/11,2024/12/05
2992088,2024/11/11,2024/12/05
2992099,2024/11/11,2024/12/05
2997462,2024/11/11,2024/12/16
2998107,2024/11/11,2024/12/16
2999518,2024/11/11,2024/12/16
2999529,2024/11/11,2024/12/16
2999735,2024/11/11,2024/12/16
3000843,2024/11/11,2024/11/21
3001945,2024/11/11,2024/12/16
3003234,2024/11/11,2024/12/06
3007649,2024/11/11,2024/12/16
3007708,2024/11/11,2024/12/05
3008058,2024/11/11,2024/12/16
3008224,2024/11/11,2024/12/06
3008226,2024/11/11,2024/12/06
3008229,2024/11/11,2024/12/06
3008278,2024/11/11,2024/12/06
3008294,2024/11/11,2024/12/06
3008295,2024/11/11,2024/12/06
3008298,2024/11/11,2024/12/06
3013473,2024/11/11,2024/12/16
3015179,2024/11/11,2024/12/16
3015222,2024/11/11,2024/12/05
3015599,2024/11/11,2024/12/16
3017488,2024/11/11,2024/12/05
3017667,2024/11/11,2024/12/16
3017916,2024/11/11,2024/12/16
3018491,2024/11/11,2024/12/05
3019524,2024/11/11,2024/12/16
7420316,2024/11/11,2024/12/16
7420317,2024/11/11,2024/12/16
7420318,2024/11/11,2024/12/16
7420319,2024/11/11,2024/12/16
7420320,2024/11/11,2024/12/16
7420321,2024/11/11,2024/12/16
7420322,2024/11/11,2024/12/16
7420323,2024/11/11,2024/12/16
7420324,2024/11/11,2024/12/16
7420325,2024/11/11,2024/12/16
7420326,2024/11/11,2024/12/16
7420327,2024/11/11,2024/12/16
7420328,2024/11/11,2024/12/16
7420329,2024/11/11,2024/12/16
7420330,2024/11/11,2024/12/16
7420331,2024/11/11,2024/12/16
7420332,2024/11/11,2024/12/16
7420333,2024/11/11,2024/12/16
7420334,2024/11/11,2024/12/16
7420335,2024/11/11,2024/12/16
7420336,2024/11/11,2024/12/16
7420337,2024/11/11,2024/12/16
7420338,2024/11/11,2024/12/16
7420339,2024/11/11,2024/12/16
7420340,2024/11/11,2024/12/16
7420341,2024/11/11,2024/12/16
7420342,2024/11/11,2024/12/16
7420343,2024/11/11,2024/12/16
7420344,2024/11/11,2024/12/16
7420345,2024/11/11,2024/12/16
7420346,2024/11/11,2024/12/16
7420347,2024/11/11,2024/12/16
7420348,2024/11/11,2024/12/16
7420349,2024/11/11,2024/12/16
7420350,2024/11/11,2024/12/16
7420351,2024/11/11,2024/12/16
7420352,2024/11/11,2024/12/16
7420353,2024/11/11,2024/12/16
7420354,2024/11/11,2024/12/16
7420355,2024/11/11,2024/12/16
7420356,2024/11/11,2024/12/16
7420357,2024/11/11,2024/12/16
7420358,2024/11/11,2024/12/16
7420359,2024/11/11,2024/12/16
7420360,2024/11/11,2024/12/16
7420361,2024/11/11,2024/12/16
7420362,2024/11/11,2024/12/16
7420363,2024/11/11,2024/12/16
7420364,2024/11/11,2024/12/16
7420365,2024/11/11,2024/12/16
7420366,2024/11/11,2024/12/16
7420367,2024/11/11,2024/12/16
7420368,2024/11/11,2024/12/16
7420369,2024/11/11,2024/12/16
7420370,2024/11/11,2024/12/16
7420371,2024/11/11,2024/12/16
7420372,2024/11/11,2024/12/16
7420373,2024/11/11,2024/12/16
7420374,2024/11/11,2024/12/16
7420375,2024/11/11,2024/12/16
7420376,2024/11/11,2024/12/16
7420377,2024/11/11,2024/12/16
7502685,2024/11/11,2024/12/16
7502687,2024/11/11,2024/12/16
7502688,2024/11/11,2024/12/16
7502691,2024/11/11,2024/12/16
7502692,2024/11/11,2024/12/16
7502693,2024/11/11,2024/12/16
7502694,2024/11/11,2024/12/16
7502695,2024/11/11,2024/12/16
7502697,2024/11/11,2024/12/16
7502699,2024/11/11,2024/12/16
7502701,2024/11/11,2024/12/16
7502702,2024/11/11,2024/12/16
7502707,2024/11/11,2024/12/16
7502708,2024/11/11,2024/12/16
7502710,2024/11/11,2024/12/16
7502712,2024/11/11,2024/12/16
7502713,2024/11/11,2024/12/16
7502714,2024/11/11,2024/12/16
7502715,2024/11/11,2024/12/16
7502716,2024/11/11,2024/12/16
7502717,2024/11/11,2024/12/16
7502718,2024/11/11,2024/12/16
7502720,2024/11/11,2024/12/16
7502726,2024/11/11,2024/12/16
7502730,2024/11/11,2024/12/16
18199086,2024/11/11,2024/12/16
18199087,2024/11/11,2024/12/16
18199088,2024/11/11,2024/12/16
18199090,2024/11/11,2024/12/16
18199093,2024/11/11,2024/12/16
18199095,2024/11/11,2024/12/16
18199098,2024/11/11,2024/12/16
18199100,2024/11/11,2024/12/16
18199101,2024/11/11,2024/12/16
18199102,2024/11/11,2024/12/16
18199103,2024/11/11,2024/12/16
18199104,2024/11/11,2024/12/16
18199105,2024/11/11,2024/12/16
18199106,2024/11/11,2024/12/16
18199107,2024/11/11,2024/12/16
18199108,2024/11/11,2024/12/16
18199109,2024/11/11,2024/12/16
18199110,2024/11/11,2024/12/16
18199111,2024/11/11,2024/12/16
18199112,2024/11/11,2024/12/16
18199117,2024/11/11,2024/12/16
18199118,2024/11/11,2024/12/16
18199123,2024/11/11,2024/12/16
18199124,2024/11/11,2024/12/16
18199125,2024/11/11,2024/12/16
18199126,2024/11/11,2024/12/16
18199132,2024/11/11,2024/12/16
18199133,2024/11/11,2024/12/16
18199134,2024/11/11,2024/12/16
18199137,2024/11/11,2024/12/16
18199138,2024/11/11,2024/12/16
18199139,2024/11/11,2024/12/16
18199140,2024/11/11,2024/12/16
18199144,2024/11/11,2024/12/16
18199154,2024/11/11,2024/12/16
18199155,2024/11/11,2024/12/16
18199156,2024/11/11,2024/12/16
18199157,2024/11/11,2024/12/16
18199158,2024/11/11,2024/12/16
18199159,2024/11/11,2024/12/16
18199161,2024/11/11,2024/12/16
18199164,2024/11/11,2024/12/16
18199168,2024/11/11,2024/12/16
18199169,2024/11/11,2024/12/16
18199170,2024/11/11,2024/12/16
18199171,2024/11/11,2024/12/16
18199172,2024/11/11,2024/12/16
18199173,2024/11/11,2024/12/16
18199174,2024/11/11,2024/12/16
18199175,2024/11/11,2024/12/16
18199176,2024/11/11,2024/12/16
18199177,2024/11/11,2024/12/16
18199178,2024/11/11,2024/12/16
18199183,2024/11/11,2024/12/16
18199190,2024/11/11,2024/12/16
18199193,2024/11/11,2024/12/16
18199196,2024/11/11,2024/12/16
18199197,2024/11/11,2024/12/16
18199198,2024/11/11,2024/12/16
18199202,2024/11/11,2024/12/16
18199203,2024/11/11,2024/12/16
18199206,2024/11/11,2024/12/16
18199209,2024/11/11,2024/12/16
18199211,2024/11/11,2024/12/16
19077392,2024/11/11,2024/12/16
19077393,2024/11/11,2024/12/16
19077394,2024/11/11,2024/12/16
19077395,2024/11/11,2024/12/16
19077396,2024/11/11,2024/12/16
19077397,2024/11/11,2024/12/16
19077398,2024/11/11,2024/12/16
19077399,2024/11/11,2024/12/16
19077400,2024/11/11,2024/12/16
19077401,2024/11/11,2024/12/16
19077402,2024/11/11,2024/12/16
19077403,2024/11/11,2024/12/16
19077404,2024/11/11,2024/12/16
19077405,2024/11/11,2024/12/16
19077406,2024/11/11,2024/12/16
19077407,2024/11/11,2024/12/16
19077408,2024/11/11,2024/12/16
19077409,2024/11/11,2024/12/16
19077410,2024/11/11,2024/12/16
19077411,2024/11/11,2024/12/16
19077412,2024/11/11,2024/12/16
19077413,2024/11/11,2024/12/16
19077414,2024/11/11,2024/12/16
19077415,2024/11/11,2024/12/16
19077416,2024/11/11,2024/12/16
19077417,2024/11/11,2024/12/16
19077418,2024/11/11,2024/12/16
19077419,2024/11/11,2024/12/16
19077420,2024/11/11,2024/12/16
19077421,2024/11/11,2024/12/16
19077422,2024/11/11,2024/12/16
19077423,2024/11/11,2024/12/16
19077424,2024/11/11,2024/12/16
19077425,2024/11/11,2024/12/16
19077426,2024/11/11,2024/12/16
19077427,2024/11/11,2024/12/16
19077428,2024/11/11,2024/12/16
19077429,2024/11/11,2024/12/16
19077430,2024/11/11,2024/12/16
19077431,2024/11/11,2024/12/16
19077432,2024/11/11,2024/12/16
19077433,2024/11/11,2024/12/16
19077434,2024/11/11,2024/12/16
19077435,2024/11/11,2024/12/16
19077436,2024/11/11,2024/12/16
19077437,2024/11/11,2024/12/16
19077438,2024/11/11,2024/12/16
19077439,2024/11/11,2024/12/16
19077440,2024/11/11,2024/12/16
19077441,2024/11/11,2024/12/16
19077442,2024/11/11,2024/12/16
19077443,2024/11/11,2024/12/16
19077444,2024/11/11,2024/12/16
19077445,2024/11/11,2024/12/16
19077446,2024/11/11,2024/12/16
19077447,2024/11/11,2024/12/16
19077448,2024/11/11,2024/12/16
19077449,2024/11/11,2024/12/16
19077450,2024/11/11,2024/12/16
19077451,2024/11/11,2024/12/16
19077452,2024/11/11,2024/12/16
19077453,2024/11/11,2024/12/16
19077454,2024/11/11,2024/12/16
19077455,2024/11/11,2024/12/16
19077456,2024/11/11,2024/12/16
19077457,2024/11/11,2024/12/16
19077458,2024/11/11,2024/12/16
19077459,2024/11/11,2024/12/16
19077460,2024/11/11,2024/12/16
19077461,2024/11/11,2024/12/16
19077462,2024/11/11,2024/12/16
19077463,2024/11/11,2024/12/16
19077464,2024/11/11,2024/12/16
19077465,2024/11/11,2024/12/16
19077467,2024/11/11,2024/12/16
19077468,2024/11/11,2024/12/16
19077469,2024/11/11,2024/12/16
19077470,2024/11/11,2024/12/16
19077471,2024/11/11,2024/12/16
19077473,2024/11/11,2024/12/16
19077474,2024/11/11,2024/12/16
19077475,2024/11/11,2024/12/16
19077476,2024/11/11,2024/12/16
19077477,2024/11/11,2024/12/16
19077478,2024/11/11,2024/12/16
19077479,2024/11/11,2024/12/16
19077480,2024/11/11,2024/12/16
19077481,2024/11/11,2024/12/16
19077482,2024/11/11,2024/12/16
19077484,2024/11/11,2024/12/16
19077485,2024/11/11,2024/12/16
19077487,2024/11/11,2024/12/16
19077489,2024/11/11,2024/12/16
19077490,2024/11/11,2024/12/16
19077491,2024/11/11,2024/12/16
19077493,2024/11/11,2024/12/16
19077494,2024/11/11,2024/12/16
19077495,2024/11/11,2024/12/16
19077497,2024/11/11,2024/12/16
19077498,2024/11/11,2024/12/16
19077501,2024/11/11,2024/12/16
19077502,2024/11/11,2024/12/16
19077503,2024/11/11,2024/12/16
19077504,2024/11/11,2024/12/16
19077505,2024/11/11,2024/12/16
19077506,2024/11/11,2024/12/16
19077507,2024/11/11,2024/12/16
19077508,2024/11/11,2024/12/16
19077512,2024/11/11,2024/12/16
19077513,2024/11/11,2024/12/16
19077514,2024/11/11,2024/12/16
19077515,2024/11/11,2024/12/16
19077516,2024/11/11,2024/12/16
19077517,2024/11/11,2024/12/16
19077518,2024/11/11,2024/12/16
19077519,2024/11/11,2024/12/16
19077520,2024/11/11,2024/12/16
19077521,2024/11/11,2024/12/16
19077525,2024/11/11,2024/12/16
19077529,2024/11/11,2024/12/16
19077530,2024/11/11,2024/12/16
19077533,2024/11/11,2024/12/16
19077534,2024/11/11,2024/12/16
19077535,2024/11/11,2024/12/16
19077537,2024/11/11,2024/12/16
19077539,2024/11/11,2024/12/16
19077540,2024/11/11,2024/12/16
19077541,2024/11/11,2024/12/16
19077546,2024/11/11,2024/12/16
19077548,2024/11/11,2024/12/16
19077549,2024/11/11,2024/12/16
19077553,2024/11/11,2024/12/16
19077554,2024/11/11,2024/12/16
19077555,2024/11/11,2024/12/16
19077556,2024/11/11,2024/12/16
19077557,2024/11/11,2024/12/16
19077559,2024/11/11,2024/12/16
19077560,2024/11/11,2024/12/16
19077563,2024/11/11,2024/12/16
19077564,2024/11/11,2024/12/16
19077565,2024/11/11,2024/12/16
19077567,2024/11/11,2024/12/16
19077568,2024/11/11,2024/12/16
19077569,2024/11/11,2024/12/16
19077570,2024/11/11,2024/12/16
19077571,2024/11/11,2024/12/16
19077572,2024/11/11,2024/12/16
19077573,2024/11/11,2024/12/16
19077574,2024/11/11,2024/12/16
19077575,2024/11/11,2024/12/16
19077576,2024/11/11,2024/12/16
19077577,2024/11/11,2024/12/16
19077578,2024/11/11,2024/12/16
19077580,2024/11/11,2024/12/16
19077583,2024/11/11,2024/12/16
19077586,2024/11/11,2024/12/16
19077587,2024/11/11,2024/12/16
19077590,2024/11/11,2024/12/16
19077592,2024/11/11,2024/12/16
19077593,2024/11/11,2024/12/16
19077594,2024/11/11,2024/12/16
19077595,2024/11/11,2024/12/16
19077597,2024/11/11,2024/12/16
19077598,2024/11/11,2024/12/16
19077599,2024/11/11,2024/12/16
19077600,2024/11/11,2024/12/16
19077601,2024/11/11,2024/12/16
19077602,2024/11/11,2024/12/16
19077603,2024/11/11,2024/12/16
19077604,2024/11/11,2024/12/16
19077606,2024/11/11,2024/12/16
19077607,2024/11/11,2024/12/16
19077608,2024/11/11,2024/12/16
19077609,2024/11/11,2024/12/16
19077610,2024/11/11,2024/12/16
19077611,2024/11/11,2024/12/16
20069125,2024/11/11,2024/12/16
20069126,2024/11/11,2024/12/16
20069127,2024/11/11,2024/12/16
20069128,2024/11/11,2024/12/16
20069129,2024/11/11,2024/12/16
20069130,2024/11/11,2024/12/16
20069131,2024/11/11,2024/12/16
20069132,2024/11/11,2024/12/16
20069133,2024/11/11,2024/12/16
20069134,2024/11/11,2024/12/16
20069135,2024/11/11,2024/12/16
20069136,2024/11/11,2024/12/16
20069137,2024/11/11,2024/12/16
20069138,2024/11/11,2024/12/16
20069139,2024/11/11,2024/12/16
20069140,2024/11/11,2024/12/16
20069141,2024/11/11,2024/12/16
20069142,2024/11/11,2024/12/16
20069143,2024/11/11,2024/12/16
20069144,2024/11/11,2024/12/16
20069145,2024/11/11,2024/12/16
20069146,2024/11/11,2024/12/16
20069147,2024/11/11,2024/12/16
20069148,2024/11/11,2024/12/16
20069149,2024/11/11,2024/12/16
20069150,2024/11/11,2024/12/16
20069151,2024/11/11,2024/12/16
20069154,2024/11/11,2024/12/16
20069155,2024/11/11,2024/12/16
20069156,2024/11/11,2024/12/16
20615778,2024/11/11,2024/12/16
20615779,2024/11/11,2024/12/16
20615780,2024/11/11,2024/12/16
20615781,2024/11/11,2024/12/16
20615782,2024/11/11,2024/12/16
20615783,2024/11/11,2024/12/16
20615784,2024/11/11,2024/12/16
20615785,2024/11/11,2024/12/16
20615786,2024/11/11,2024/12/16
20615787,2024/11/11,2024/12/16
20615788,2024/11/11,2024/12/16
20615790,2024/11/11,2024/12/16
20615791,2024/11/11,2024/12/16
20615792,2024/11/11,2024/12/16
20615795,2024/11/11,2024/12/16
20615796,2024/11/11,2024/12/16
20615797,2024/11/11,2024/12/16
20615798,2024/11/11,2024/12/16
20615799,2024/11/11,2024/12/16
20615800,2024/11/11,2024/12/16
20615801,2024/11/11,2024/12/16
20615802,2024/11/11,2024/12/16
20615803,2024/11/11,2024/12/16
20615804,2024/11/11,2024/12/16
20615805,2024/11/11,2024/12/16
20615806,2024/11/11,2024/12/16
20615807,2024/11/11,2024/12/16
20615808,2024/11/11,2024/12/16
20615809,2024/11/11,2024/12/16
20615810,2024/11/11,2024/12/16
20615811,2024/11/11,2024/12/16
20615812,2024/11/11,2024/12/16
20615813,2024/11/11,2024/12/16
20615814,2024/11/11,2024/12/16
20615815,2024/11/11,2024/12/16
20615816,2024/11/11,2024/12/16
20615817,2024/11/11,2024/12/16
20615818,2024/11/11,2024/12/16
20615819,2024/11/11,2024/12/16
20615820,2024/11/11,2024/12/16
20615821,2024/11/11,2024/12/16
20615822,2024/11/11,2024/12/16
20615823,2024/11/11,2024/12/16
20615824,2024/11/11,2024/12/16
20615825,2024/11/11,2024/12/16
20615826,2024/11/11,2024/12/16
20615827,2024/11/11,2024/12/16
20615828,2024/11/11,2024/12/16
20615829,2024/11/11,2024/12/16
20615830,2024/11/11,2024/12/16
20617908,2024/11/11,2024/12/16
20617909,2024/11/11,2024/12/16
20617910,2024/11/11,2024/12/16
20617911,2024/11/11,2024/12/16
20617912,2024/11/11,2024/12/16
20617913,2024/11/11,2024/12/16
20617914,2024/11/11,2024/12/16
20617915,2024/11/11,2024/12/16
20617916,2024/11/11,2024/12/16
20617917,2024/11/11,2024/12/16
20617918,2024/11/11,2024/12/16
20617919,2024/11/11,2024/12/16
20617920,2024/11/11,2024/12/16
20617921,2024/11/11,2024/12/16
20617922,2024/11/11,2024/12/16
20617923,2024/11/11,2024/12/16
20617924,2024/11/11,2024/12/16
20617925,2024/11/11,2024/12/16
20617926,2024/11/11,2024/12/16
20617927,2024/11/11,2024/12/16
20617928,2024/11/11,2024/12/16
22375287,2024/11/11,2024/12/16
22375288,2024/11/11,2024/12/16
22375289,2024/11/11,2024/12/16
22375290,2024/11/11,2024/12/16
22375291,2024/11/11,2024/12/16
22375292,2024/11/11,2024/12/16
22375293,2024/11/11,2024/12/16
22375294,2024/11/11,2024/12/16
22375295,2024/11/11,2024/12/16
22375296,2024/11/11,2024/12/16
22375297,2024/11/11,2024/12/16
22375298,2024/11/11,2024/12/16
22375299,2024/11/11,2024/12/16
22375300,2024/11/11,2024/12/16
22379454,2024/11/11,2024/12/16
22379455,2024/11/11,2024/12/16
22379456,2024/11/11,2024/12/16
22379457,2024/11/11,2024/12/16
22379458,2024/11/11,2024/12/16
22379459,2024/11/11,2024/12/16
22379460,2024/11/11,2024/12/16
22379461,2024/11/11,2024/12/16
22379462,2024/11/11,2024/12/16
22379463,2024/11/11,2024/12/16
22379464,2024/11/11,2024/12/16
22379465,2024/11/11,2024/12/16
22379466,2024/11/11,2024/12/16
22379467,2024/11/11,2024/12/16
22379468,2024/11/11,2024/12/16
22379469,2024/11/11,2024/12/16
22379470,2024/11/11,2024/12/16
22379471,2024/11/11,2024/12/16
22379472,2024/11/11,2024/12/16
22379473,2024/11/11,2024/12/16
22379474,2024/11/11,2024/12/16
22379475,2024/11/11,2024/12/16
22388837,2024/11/11,2024/12/16
22392482,2024/11/11,2024/12/16
22395515,2024/11/11,2024/12/16
22395516,2024/11/11,2024/12/16
22395517,2024/11/11,2024/12/16
22395518,2024/11/11,2024/12/16
22395519,2024/11/11,2024/12/16
22395520,2024/11/11,2024/12/16
22395521,2024/11/11,2024/12/16
22395522,2024/11/11,2024/12/16
22395523,2024/11/11,2024/12/16
22395524,2024/11/11,2024/12/16
22395525,2024/11/11,2024/12/16
22395526,2024/11/11,2024/12/16
22395527,2024/11/11,2024/12/16
22395528,2024/11/11,2024/12/16
22395529,2024/11/11,2024/12/16
22395530,2024/11/11,2024/12/16
22395531,2024/11/11,2024/12/16
22395532,2024/11/11,2024/12/16
22395533,2024/11/11,2024/12/16
22395534,2024/11/11,2024/12/16
22395535,2024/11/11,2024/12/16
22395536,2024/11/11,2024/12/16
22395537,2024/11/11,2024/12/16
22395538,2024/11/11,2024/12/16
22395539,2024/11/11,2024/12/16
22395540,2024/11/11,2024/12/16
22395541,2024/11/11,2024/12/16
22395542,2024/11/11,2024/12/16
22395543,2024/11/11,2024/12/16
22395546,2024/11/11,2024/12/16
22395547,2024/11/11,2024/12/16
22395549,2024/11/11,2024/12/16
22395550,2024/11/11,2024/12/16
22395551,2024/11/11,2024/12/16
22395553,2024/11/11,2024/12/16
22395554,2024/11/11,2024/12/16
22395555,2024/11/11,2024/12/16
22395556,2024/11/11,2024/12/16
22395557,2024/11/11,2024/12/16
22395558,2024/11/11,2024/12/16
22395559,2024/11/11,2024/12/16
22395560,2024/11/11,2024/12/16
22395561,2024/11/11,2024/12/16
22395562,2024/11/11,2024/12/16
22395563,2024/11/11,2024/12/16
22395564,2024/11/11,2024/12/16
22395565,2024/11/11,2024/12/16
22395566,2024/11/11,2024/12/16
22395567,2024/11/11,2024/12/16
22395568,2024/11/11,2024/12/16
22395569,2024/11/11,2024/12/16
22395570,2024/11/11,2024/12/16
22395571,2024/11/11,2024/12/16
22395572,2024/11/11,2024/12/16
22395573,2024/11/11,2024/12/16
22395574,2024/11/11,2024/12/16
22395575,2024/11/11,2024/12/16
22395576,2024/11/11,2024/12/16
22395577,2024/11/11,2024/12/16
22395578,2024/11/11,2024/12/16
22395579,2024/11/11,2024/12/16
22395580,2024/11/11,2024/12/16
22395581,2024/11/11,2024/12/16
22395582,2024/11/11,2024/12/16
22399881,2024/11/11,2024/12/16
22399882,2024/11/11,2024/12/16
22399883,2024/11/11,2024/12/16
22399885,2024/11/11,2024/12/16
22399886,2024/11/11,2024/12/16
22399887,2024/11/11,2024/12/16
22399888,2024/11/11,2024/12/16
22399889,2024/11/11,2024/12/16
22399890,2024/11/11,2024/12/16
22399891,2024/11/11,2024/12/16
22399892,2024/11/11,2024/12/16
22399893,2024/11/11,2024/12/16
22399894,2024/11/11,2024/12/16
22399895,2024/11/11,2024/12/16
22399896,2024/11/11,2024/12/16
22399897,2024/11/11,2024/12/16
22399898,2024/11/11,2024/12/16
22399899,2024/11/11,2024/12/16
22399900,2024/11/11,2024/12/16
22435086,2024/11/11,2024/12/16
22435087,2024/11/11,2024/12/16
22435088,2024/11/11,2024/12/16
22435089,2024/11/11,2024/12/16
22435090,2024/11/11,2024/12/16
22435091,2024/11/11,2024/12/16
22435092,2024/11/11,2024/12/16
22435093,2024/11/11,2024/12/16
22435094,2024/11/11,2024/12/16
22435095,2024/11/11,2024/12/16
22435096,2024/11/11,2024/12/16
22435097,2024/11/11,2024/12/16
22435098,2024/11/11,2024/12/16
22466338,2024/11/11,2024/12/16
22466339,2024/11/11,2024/12/16
22466340,2024/11/11,2024/12/16
22466341,2024/11/11,2024/12/16
22466342,2024/11/11,2024/12/16
22466343,2024/11/11,2024/12/16
22466344,2024/11/11,2024/12/16
22466345,2024/11/11,2024/12/16
22466346,2024/11/11,2024/12/16
22466347,2024/11/11,2024/12/16
22466348,2024/11/11,2024/12/16
22466349,2024/11/11,2024/12/16
22466350,2024/11/11,2024/12/16
22466351,2024/11/11,2024/12/16
22466352,2024/11/11,2024/12/16
22466353,2024/11/11,2024/12/16
22466354,2024/11/11,2024/12/16
22466355,2024/11/11,2024/12/16
22466356,2024/11/11,2024/12/16
22466357,2024/11/11,2024/12/16
22466358,2024/11/11,2024/12/16
22466359,2024/11/11,2024/12/16
22466360,2024/11/11,2024/12/16
22466361,2024/11/11,2024/12/16
22466362,2024/11/11,2024/12/16
22466363,2024/11/11,2024/12/16
22466364,2024/11/11,2024/12/16
22466365,2024/11/11,2024/12/16
22466366,2024/11/11,2024/12/16
22466367,2024/11/11,2024/12/16
22466368,2024/11/11,2024/12/16
22466369,2024/11/11,2024/12/16
22466370,2024/11/11,2024/12/16
22466371,2024/11/11,2024/12/16
22466372,2024/11/11,2024/12/16
22466373,2024/11/11,2024/12/16
22466374,2024/11/11,2024/12/16
22466375,2024/11/11,2024/12/16
22466376,2024/11/11,2024/12/16
22466377,2024/11/11,2024/12/16
22469448,2024/11/11,2024/12/16
22469449,2024/11/11,2024/12/16
28646260,2024/11/11,2024/12/16
28646261,2024/11/11,2024/12/16
28646262,2024/11/11,2024/12/16
28646263,2024/11/11,2024/12/16
28646264,2024/11/11,2024/12/16
28646265,2024/11/11,2024/12/16
28646266,2024/11/11,2024/12/16
28646267,2024/11/11,2024/12/16
28646268,2024/11/11,2024/12/16
28646269,2024/11/11,2024/12/16
28646270,2024/11/11,2024/12/16
28646271,2024/11/11,2024/12/16
28646272,2024/11/11,2024/12/16
28646273,2024/11/11,2024/12/16
28646274,2024/11/11,2024/12/16
28646275,2024/11/11,2024/12/16
28646276,2024/11/11,2024/12/16
28646288,2024/11/11,2024/12/16
28646289,2024/11/11,2024/12/16
28646290,2024/11/11,2024/12/16
28646291,2024/11/11,2024/12/16
28646293,2024/11/11,2024/12/16
28646294,2024/11/11,2024/12/16
28646297,2024/11/11,2024/12/16
28646298,2024/11/11,2024/12/16
28646300,2024/11/11,2024/12/16
28646301,2024/11/11,2024/12/16
28646303,2024/11/11,2024/12/16
1053,2024/11/11,2024/12/06
1133,2024/11/11,2024/12/16
9803,2024/11/11,2024/12/16
10000,2024/11/11,2024/12/16
14982,2024/11/11,2024/12/16
14984,2024/11/11,2024/12/16
14985,2024/11/11,2024/12/16
14992,2024/11/11,2024/12/16
14993,2024/11/11,2024/12/16
16967,2024/11/11,2024/12/16
23635,2024/11/11,2024/12/06
25740,2024/11/11,2024/12/16
27920,2024/11/11,2024/12/16
44161,2024/11/11,2024/12/16
49217,2024/11/11,2024/12/16
49340,2024/11/11,2024/12/16
50392,2024/11/11,2024/12/16
68176,2024/11/11,2024/12/16
72041,2024/11/11,2024/12/16
76718,2024/11/11,2024/12/16
93139,2024/11/11,2024/12/16
96126,2024/11/11,2024/12/16
96678,2024/11/11,2024/12/16
101412,2024/11/11,2024/12/16
102654,2024/11/11,2024/12/05
102682,2024/11/11,2024/12/16
110745,2024/11/11,2024/12/16
110746,2024/11/11,2024/12/16
112767,2024/11/11,2024/12/16
112769,2024/11/11,2024/12/16
112792,2024/11/11,2024/12/16
125252,2024/11/11,2024/12/16
125317,2024/11/11,2024/12/16
125379,2024/11/11,2024/11/20
126048,2024/11/11,2024/12/16
127638,2024/11/11,2024/12/16
134411,2024/11/11,2024/12/05
139745,2024/11/11,2024/12/16
141329,2024/11/11,2024/11/18
142509,2024/11/11,2024/12/16
145395,2024/11/11,2024/11/20
150480,2024/11/11,2024/11/20
151033,2024/11/11,2024/12/16
151401,2024/11/11,2024/12/16
152622,2024/11/11,2024/11/12
153231,2024/11/11,2024/12/02
154573,2024/11/11,2024/12/06
155279,2024/11/11,2024/11/18
155519,2024/11/11,2024/11/15
158713,2024/11/11,2024/12/16
158730,2024/11/11,2024/12/16
158766,2024/11/11,2024/12/16
158772,2024/11/11,2024/12/16
158774,2024/11/11,2024/12/16
158786,2024/11/11,2024/12/16
158799,2024/11/11,2024/12/16
158824,2024/11/11,2024/12/16
158834,2024/11/11,2024/12/16
158840,2024/11/11,2024/12/16
158850,2024/11/11,2024/12/16
158856,2024/11/11,2024/12/16
161957,2024/11/11,2024/12/05
162769,2024/11/11,2024/12/16
162775,2024/11/11,2024/12/16
163715,2024/11/11,2024/11/20
170203,2024/11/11,2024/12/16
176911,2024/11/11,2024/11/13
176938,2024/11/11,2024/11/20
177036,2024/11/11,2024/11/12
177068,2024/11/11,2024/12/05
177080,2024/11/11,2024/12/16
179354,2024/11/11,2024/11/20
179443,2024/11/11,2024/11/20
179911,2024/11/11,2024/12/16
181408,2024/11/11,2024/11/20
181560,2024/11/11,2024/11/20
201823,2024/11/11,2024/12/16
210446,2024/11/11,2024/11/21
210484,2024/11/11,2024/12/16
210489,2024/11/11,2024/12/16
210496,2024/11/11,2024/12/16
210695,2024/11/11,2024/12/16
211340,2024/11/11,2024/12/16
213461,2024/11/11,2024/12/16
216007,2024/11/11,2024/12/05
216669,2024/11/11,2024/12/16
223123,2024/11/11,2024/11/21
231319,2024/11/11,2024/12/16
232876,2024/11/11,2024/12/16
233235,2024/11/11,2024/11/21
233624,2024/11/11,2024/11/21
233637,2024/11/11,2024/11/21
194275,2024/11/11,2024/12/16
236260,2024/11/11,2024/12/16
238973,2024/11/11,2024/11/13
239744,2024/11/11,2024/12/16
239745,2024/11/11,2024/12/16
239753,2024/11/11,2024/12/16
239756,2024/11/11,2024/12/16
239937,2024/11/11,2024/12/16
239943,2024/11/11,2024/12/16
239946,2024/11/11,2024/12/16
239949,2024/11/11,2024/12/16
239957,2024/11/11,2024/12/16
239964,2024/11/11,2024/12/16
239965,2024/11/11,2024/12/16
239971,2024/11/11,2024/12/16
239990,2024/11/11,2024/12/16
239991,2024/11/11,2024/12/16
239993,2024/11/11,2024/12/16
239998,2024/11/11,2024/12/16
240013,2024/11/11,2024/12/16
240024,2024/11/11,2024/12/16
240030,2024/11/11,2024/12/16
240040,2024/11/11,2024/12/16
240048,2024/11/11,2024/12/16
240049,2024/11/11,2024/12/16
240053,2024/11/11,2024/12/16
240065,2024/11/11,2024/12/16
240067,2024/11/11,2024/12/16
240068,2024/11/11,2024/12/16
240070,2024/11/11,2024/12/16
240072,2024/11/11,2024/12/16
240078,2024/11/11,2024/12/16
240087,2024/11/11,2024/12/16
240097,2024/11/11,2024/12/16
240105,2024/11/11,2024/12/16
240106,2024/11/11,2024/12/16
240109,2024/11/11,2024/12/16
240110,2024/11/11,2024/12/16
240115,2024/11/11,2024/12/16
240122,2024/11/11,2024/12/16
240125,2024/11/11,2024/12/16
240143,2024/11/11,2024/12/16
240146,2024/11/11,2024/12/16
240149,2024/11/11,2024/12/16
240155,2024/11/11,2024/12/16
240170,2024/11/11,2024/12/16
246996,2024/11/11,2024/12/16
255554,2024/11/11,2024/12/16
255555,2024/11/11,2024/12/16
255748,2024/11/11,2024/11/20
258222,2024/11/11,2024/11/19
258466,2024/11/11,2024/12/16
265389,2024/11/11,2024/12/16
266191,2024/11/11,2024/12/16
267339,2024/11/11,2024/12/16
273640,2024/11/11,2024/11/21
274660,2024/11/11,2024/11/21
275245,2024/11/11,2024/12/16
282407,2024/11/11,2024/11/21
282463,2024/11/11,2024/12/16
283454,2024/11/11,2024/12/16
283625,2024/11/11,2024/11/12
283531,2024/11/11,2024/11/11
285162,2024/11/11,2024/12/16
304524,2024/11/11,2024/12/16
304537,2024/11/11,2024/12/16
305729,2024/11/11,2024/12/08
310176,2024/11/11,2024/12/16
321240,2024/11/11,2024/12/16
322578,2024/11/11,2024/12/16
327472,2024/11/11,2024/12/05
329916,2024/11/11,2024/12/16
361097,2024/11/11,2024/11/21
361363,2024/11/11,2024/12/06
367564,2024/11/11,2024/12/16
367578,2024/11/11,2024/12/16
370937,2024/11/11,2024/11/21
378971,2024/11/11,2024/12/16
379003,2024/11/11,2024/12/16
383243,2024/11/11,2024/12/05
384824,2024/11/11,2024/12/16
384827,2024/11/11,2024/12/16
385065,2024/11/11,2024/12/16
396043,2024/11/11,2024/12/08
397223,2024/11/11,2024/11/11
397944,2024/11/11,2024/11/12
397971,2024/11/11,2024/11/12
399657,2024/11/11,2024/12/05
399682,2024/11/11,2024/12/16
405192,2024/11/11,2024/12/16
412240,2024/11/11,2024/12/16
415358,2024/11/11,2024/12/16
415472,2024/11/11,2024/12/16
422652,2024/11/11,2024/12/16
423785,2024/11/11,2024/12/16
428744,2024/11/11,2024/11/12
433166,2024/11/11,2024/12/16
437258,2024/11/11,2024/12/16
437280,2024/11/11,2024/12/16
437282,2024/11/11,2024/12/16
438046,2024/11/11,2024/12/16
440254,2024/11/11,2024/12/16
442695,2024/11/11,2024/12/05
444974,2024/11/11,2024/11/21
445508,2024/11/11,2024/11/18
445697,2024/11/11,2024/11/20
445749,2024/11/11,2024/12/16
453770,2024/11/11,2024/11/18
454916,2024/11/11,2024/11/21
455148,2024/11/11,2024/11/21
457758,2024/11/11,2024/12/06
460348,2024/11/11,2024/11/21
460636,2024/11/11,2024/11/13
460640,2024/11/11,2024/11/13
460641,2024/11/11,2024/11/13
460644,2024/11/11,2024/11/13
460659,2024/11/11,2024/12/16
460671,2024/11/11,2024/11/21
461024,2024/11/11,2024/11/12
461056,2024/11/11,2024/11/11
461066,2024/11/11,2024/11/12
461114,2024/11/11,2024/11/12
461140,2024/11/11,2024/11/12
461595,2024/11/11,2024/11/21
462849,2024/11/11,2024/11/21
463099,2024/11/11,2024/11/15
463456,2024/11/11,2024/11/12
463837,2024/11/11,2024/11/21
463863,2024/11/11,2024/11/21
463873,2024/11/11,2024/11/21
464080,2024/11/11,2024/11/21
464238,2024/11/11,2024/11/21
476315,2024/11/11,2024/12/16
476344,2024/11/11,2024/12/16
476345,2024/11/11,2024/11/15
476384,2024/11/11,2024/12/16
476389,2024/11/11,2024/12/16
495216,2024/11/11,2024/11/21
502957,2024/11/11,2024/12/16
502966,2024/11/11,2024/12/16
504067,2024/11/11,2024/11/12
504121,2024/11/11,2024/11/12
504175,2024/11/11,2024/11/11
505844,2024/11/11,2024/12/16
505846,2024/11/11,2024/12/16
506093,2024/11/11,2024/12/16
506095,2024/11/11,2024/11/21
506096,2024/11/11,2024/12/03
506107,2024/11/11,2024/11/26
506139,2024/11/11,2024/12/16
506152,2024/11/11,2024/12/16
506154,2024/11/11,2024/12/03
506159,2024/11/11,2024/12/16
509024,2024/11/11,2024/11/21
510544,2024/11/11,2024/12/16
511329,2024/11/11,2024/11/21
511850,2024/11/11,2024/12/16
514059,2024/11/11,2024/12/16
516597,2024/11/11,2024/11/15
517951,2024/11/11,2024/12/16
522629,2024/11/11,2024/12/16
522897,2024/11/11,2024/12/16
522902,2024/11/11,2024/12/16
522904,2024/11/11,2024/12/16
522909,2024/11/11,2024/12/16
522911,2024/11/11,2024/12/16
522989,2024/11/11,2024/12/16
522991,2024/11/11,2024/12/16
523554,2024/11/11,2024/12/16
525756,2024/11/11,2024/12/05
525759,2024/11/11,2024/12/05
526686,2024/11/11,2024/11/13
526810,2024/11/11,2024/11/13
556902,2024/11/11,2024/11/26
576679,2024/11/11,2024/11/21
576691,2024/11/11,2024/11/21
576692,2024/11/11,2024/11/21
576982,2024/11/11,2024/11/21
596472,2024/11/11,2024/12/16
604252,2024/11/11,2024/12/16
616197,2024/11/11,2024/12/16
619638,2024/11/11,2024/11/11
619639,2024/11/11,2024/12/16
619645,2024/11/11,2024/12/16
619777,2024/11/11,2024/12/16
619836,2024/11/11,2024/12/16
619919,2024/11/11,2024/12/16
619945,2024/11/11,2024/11/11
619967,2024/11/11,2024/12/16
619969,2024/11/11,2024/12/16
619970,2024/11/11,2024/12/16
619992,2024/11/11,2024/12/16
622380,2024/11/11,2024/11/21
625093,2024/11/11,2024/11/21
625383,2024/11/11,2024/11/21
625804,2024/11/11,2024/11/21
625862,2024/11/11,2024/11/21
625863,2024/11/11,2024/11/21
625984,2024/11/11,2024/11/21
625985,2024/11/11,2024/11/21
626101,2024/11/11,2024/11/21
626105,2024/11/11,2024/11/21
626125,2024/11/11,2024/11/21
626134,2024/11/11,2024/12/16
626140,2024/11/11,2024/11/21
626155,2024/11/11,2024/11/21
626156,2024/11/11,2024/12/16
626157,2024/11/11,2024/11/21
626158,2024/11/11,2024/11/21
626161,2024/11/11,2024/11/21
626166,2024/11/11,2024/11/21
626167,2024/11/11,2024/11/21
626168,2024/11/11,2024/11/21
626169,2024/11/11,2024/11/21
626170,2024/11/11,2024/11/21
626171,2024/11/11,2024/11/21
626172,2024/11/11,2024/11/21
626173,2024/11/11,2024/11/21
626174,2024/11/11,2024/11/21
626175,2024/11/11,2024/11/21
626178,2024/11/11,2024/11/21
626179,2024/11/11,2024/11/21
626180,2024/11/11,2024/11/21
626182,2024/11/11,2024/11/21
626183,2024/11/11,2024/11/21
626184,2024/11/11,2024/11/21
626185,2024/11/11,2024/11/21
626186,2024/11/11,2024/11/21
626187,2024/11/11,2024/11/21
626188,2024/11/11,2024/11/21
626191,2024/11/11,2024/11/21
626193,2024/11/11,2024/11/21
626195,2024/11/11,2024/11/21
626201,2024/11/11,2024/11/21
626209,2024/11/11,2024/11/21
626219,2024/11/11,2024/11/21
626221,2024/11/11,2024/12/16
626222,2024/11/11,2024/11/21
626223,2024/11/11,2024/11/21
626224,2024/11/11,2024/12/16
626225,2024/11/11,2024/11/21
626226,2024/11/11,2024/11/21
626252,2024/11/11,2024/11/21
626253,2024/11/11,2024/11/21
626336,2024/11/11,2024/12/16
626341,2024/11/11,2024/12/16
626345,2024/11/11,2024/12/16
626346,2024/11/11,2024/11/21
626347,2024/11/11,2024/11/21
626351,2024/11/11,2024/11/21
626354,2024/11/11,2024/11/21
626355,2024/11/11,2024/11/21
626356,2024/11/11,2024/11/21
626360,2024/11/11,2024/11/21
626380,2024/11/11,2024/12/16
626381,2024/11/11,2024/12/16
626382,2024/11/11,2024/12/16
626383,2024/11/11,2024/12/16
626384,2024/11/11,2024/12/16
626385,2024/11/11,2024/11/21
626388,2024/11/11,2024/12/16
626391,2024/11/11,2024/11/21
626393,2024/11/11,2024/12/16
626394,2024/11/11,2024/11/21
626395,2024/11/11,2024/11/21
626396,2024/11/11,2024/12/16
626397,2024/11/11,2024/11/21
626398,2024/11/11,2024/11/21
626399,2024/11/11,2024/12/16
626402,2024/11/11,2024/12/16
626403,2024/11/11,2024/12/16
626404,2024/11/11,2024/12/16
626405,2024/11/11,2024/12/16
626406,2024/11/11,2024/12/16
626407,2024/11/11,2024/11/21
626408,2024/11/11,2024/12/16
626409,2024/11/11,2024/12/16
626410,2024/11/11,2024/12/16
626411,2024/11/11,2024/11/21
626412,2024/11/11,2024/11/21
626413,2024/11/11,2024/12/16
626414,2024/11/11,2024/11/21
626415,2024/11/11,2024/12/16
626417,2024/11/11,2024/11/21
626418,2024/11/11,2024/11/21
626419,2024/11/11,2024/12/16
626420,2024/11/11,2024/12/16
626421,2024/11/11,2024/11/21
626429,2024/11/11,2024/11/21
626430,2024/11/11,2024/12/16
626431,2024/11/11,2024/11/21
626432,2024/11/11,2024/11/21
626433,2024/11/11,2024/11/21
626435,2024/11/11,2024/12/16
626436,2024/11/11,2024/12/16
626437,2024/11/11,2024/12/16
626438,2024/11/11,2024/12/16
626439,2024/11/11,2024/12/16
626440,2024/11/11,2024/12/16
626441,2024/11/11,2024/12/16
626442,2024/11/11,2024/12/16
626443,2024/11/11,2024/12/16
626444,2024/11/11,2024/12/16
626453,2024/11/11,2024/12/16
626454,2024/11/11,2024/11/21
626455,2024/11/11,2024/12/16
626456,2024/11/11,2024/12/16
626457,2024/11/11,2024/12/16
626458,2024/11/11,2024/11/21
626459,2024/11/11,2024/12/16
626460,2024/11/11,2024/12/16
626461,2024/11/11,2024/11/21
626462,2024/11/11,2024/12/16
626463,2024/11/11,2024/12/16
626464,2024/11/11,2024/12/16
626465,2024/11/11,2024/12/16
626466,2024/11/11,2024/12/16
626467,2024/11/11,2024/12/15
626468,2024/11/11,2024/11/21
626469,2024/11/11,2024/12/16
626470,2024/11/11,2024/12/16
626471,2024/11/11,2024/11/21
626472,2024/11/11,2024/11/21
626489,2024/11/11,2024/11/21
626513,2024/11/11,2024/11/21
626514,2024/11/11,2024/11/21
626535,2024/11/11,2024/11/21
626570,2024/11/11,2024/11/21
626615,2024/11/11,2024/11/21
626616,2024/11/11,2024/11/21
626618,2024/11/11,2024/11/21
626620,2024/11/11,2024/12/16
626623,2024/11/11,2024/11/21
626625,2024/11/11,2024/11/21
626627,2024/11/11,2024/11/21
626629,2024/11/11,2024/12/16
626630,2024/11/11,2024/12/16
626631,2024/11/11,2024/11/21
626632,2024/11/11,2024/11/21
626633,2024/11/11,2024/11/21
626634,2024/11/11,2024/11/21
626635,2024/11/11,2024/11/21
626636,2024/11/11,2024/11/21
626637,2024/11/11,2024/11/21
626638,2024/11/11,2024/11/21
626639,2024/11/11,2024/11/21
626640,2024/11/11,2024/11/21
626642,2024/11/11,2024/11/21
626643,2024/11/11,2024/11/21
626644,2024/11/11,2024/11/21
626645,2024/11/11,2024/11/21
626646,2024/11/11,2024/11/21
626647,2024/11/11,2024/12/16
626648,2024/11/11,2024/11/21
626649,2024/11/11,2024/11/21
625515,2024/11/11,2024/11/21
625577,2024/11/11,2024/11/21
627644,2024/11/11,2024/11/21
627908,2024/11/11,2024/11/15
629193,2024/11/11,2024/11/21
631978,2024/11/11,2024/12/16
631980,2024/11/11,2024/12/16
631981,2024/11/11,2024/12/16
631982,2024/11/11,2024/12/16
631986,2024/11/11,2024/12/16
631988,2024/11/11,2024/12/16
632002,2024/11/11,2024/11/21
633090,2024/11/11,2024/12/16
633093,2024/11/11,2024/12/16
633105,2024/11/11,2024/12/16
633109,2024/11/11,2024/12/16
633115,2024/11/11,2024/11/21
633148,2024/11/11,2024/11/21
633150,2024/11/11,2024/11/21
633152,2024/11/11,2024/11/21
633158,2024/11/11,2024/11/21
633169,2024/11/11,2024/12/16
633172,2024/11/11,2024/12/16
633174,2024/11/11,2024/12/16
633176,2024/11/11,2024/12/16
633179,2024/11/11,2024/12/16
633180,2024/11/11,2024/12/16
636119,2024/11/11,2024/12/10
636122,2024/11/11,2024/12/10
636129,2024/11/11,2024/12/16
636277,2024/11/11,2024/12/16
636319,2024/11/11,2024/11/15
636347,2024/11/11,2024/12/02
637438,2024/11/11,2024/11/15
637507,2024/11/11,2024/11/15
637816,2024/11/11,2024/12/16
640423,2024/11/11,2024/12/16
672118,2024/11/11,2024/12/06
672122,2024/11/11,2024/11/15
672152,2024/11/11,2024/11/21
672236,2024/11/11,2024/11/12
672238,2024/11/11,2024/11/21
672361,2024/11/11,2024/12/16
672375,2024/11/11,2024/11/21
672381,2024/11/11,2024/11/11
674577,2024/11/11,2024/12/16
691930,2024/11/11,2024/12/16
691970,2024/11/11,2024/12/16
695003,2024/11/11,2024/12/16
702910,2024/11/11,2024/12/16
702913,2024/11/11,2024/12/16
702914,2024/11/11,2024/12/16
702916,2024/11/11,2024/12/16
712491,2024/11/11,2024/12/16
717876,2024/11/11,2024/12/16
719438,2024/11/11,2024/11/21
719440,2024/11/11,2024/12/02
719444,2024/11/11,2024/11/26
719455,2024/11/11,2024/12/16
719464,2024/11/11,2024/12/16
773397,2024/11/11,2024/12/16
776192,2024/11/11,2024/12/05
777076,2024/11/11,2024/12/16
780765,2024/11/11,2024/12/16
780896,2024/11/11,2024/12/16
841356,2024/11/11,2024/12/16
882958,2024/11/11,2024/12/16
908007,2024/11/11,2024/12/16
915920,2024/11/11,2024/12/16
915921,2024/11/11,2024/11/14
916001,2024/11/11,2024/11/21
962468,2024/11/11,2024/12/16
966333,2024/11/11,2024/12/16
968834,2024/11/11,2024/12/06
1323283,2024/11/11,2024/11/12
1585501,2024/11/11,2024/12/05
1978374,2024/11/11,2024/11/20
1979610,2024/11/11,2024/12/16
1979626,2024/11/11,2024/12/16
1979636,2024/11/11,2024/12/16
1979903,2024/11/11,2024/12/16
1980224,2024/11/11,2024/12/16
1980242,2024/11/11,2024/12/16
1984432,2024/11/11,2024/12/16
2685729,2024/11/11,2024/12/16
2688956,2024/11/11,2024/11/19
2688966,2024/11/11,2024/11/19
2688967,2024/11/11,2024/11/19
2688979,2024/11/11,2024/11/19
2688984,2024/11/11,2024/12/16
2688987,2024/11/11,2024/11/19
2688988,2024/11/11,2024/11/19
2689023,2024/11/11,2024/12/16
2689038,2024/11/11,2024/11/19
2689041,2024/11/11,2024/12/16
2689061,2024/11/11,2024/12/16
2689107,2024/11/11,2024/11/19
2689117,2024/11/11,2024/11/19
2689130,2024/11/11,2024/12/16
2691409,2024/11/11,2024/11/28
2692107,2024/11/11,2024/12/16
2692115,2024/11/11,2024/12/16
2692370,2024/11/11,2024/12/16
2692450,2024/11/11,2024/12/16
2692466,2024/11/11,2024/12/16
2692481,2024/11/11,2024/12/16
2758763,2024/11/11,2024/12/16
2760656,2024/11/11,2024/11/13
2762079,2024/11/11,2024/12/05
2762285,2024/11/11,2024/11/21
2764483,2024/11/11,2024/12/05
2767145,2024/11/11,2024/12/16
2767505,2024/11/11,2024/12/16
2767622,2024/11/11,2024/12/16
2767847,2024/11/11,2024/12/16
2767982,2024/11/11,2024/12/16
2768246,2024/11/11,2024/12/16
2768956,2024/11/11,2024/12/16
2768981,2024/11/11,2024/12/16
2769101,2024/11/11,2024/12/16
2770122,2024/11/11,2024/12/16
2770506,2024/11/11,2024/12/16
2770887,2024/11/11,2024/12/16
2774001,2024/11/11,2024/12/16
2803545,2024/11/11,2024/12/16
2827278,2024/11/11,2024/12/16
2828772,2024/11/11,2024/12/16
2829346,2024/11/11,2024/12/16
2829402,2024/11/11,2024/12/16
2830603,2024/11/11,2024/12/16
2832566,2024/11/11,2024/12/16
2832639,2024/11/11,2024/12/08
2833635,2024/11/11,2024/12/16
2835402,2024/11/11,2024/12/16
2836457,2024/11/11,2024/12/16
2839766,2024/11/11,2024/12/16
2840812,2024/11/11,2024/12/06
2841546,2024/11/11,2024/12/16
2841895,2024/11/11,2024/12/05
2842921,2024/11/11,2024/12/16
2844513,2024/11/11,2024/12/05
2844870,2024/11/11,2024/12/16
2847096,2024/11/11,2024/12/05
2847128,2024/11/11,2024/12/16
2847129,2024/11/11,2024/12/16
2847235,2024/11/11,2024/12/05
2858390,2024/11/11,2024/12/16
2858817,2024/11/11,2024/12/16
2859206,2024/11/11,2024/12/16
2870294,2024/11/11,2024/12/16
2875367,2024/11/11,2024/12/05
2875368,2024/11/11,2024/12/05
2875372,2024/11/11,2024/12/05
2875373,2024/11/11,2024/12/05
2875375,2024/11/11,2024/12/05
2875377,2024/11/11,2024/12/06
2875378,2024/11/11,2024/12/06
2876037,2024/11/11,2024/12/16
2876038,2024/11/11,2024/12/16
2880406,2024/11/11,2024/12/16
2884570,2024/11/11,2024/12/16
2886033,2024/11/11,2024/12/05
2889347,2024/11/11,2024/11/28
2889415,2024/11/11,2024/12/16
2889436,2024/11/11,2024/12/16
2889714,2024/11/11,2024/12/16
2889850,2024/11/11,2024/12/16
2891294,2024/11/11,2024/12/05
2891304,2024/11/11,2024/12/05
2891306,2024/11/11,2024/12/16
2891307,2024/11/11,2024/12/05
2891666,2024/11/11,2024/12/16
2892498,2024/11/11,2024/12/16
2893035,2024/11/11,2024/12/05
2893148,2024/11/11,2024/12/16
2893942,2024/11/11,2024/12/05
2894534,2024/11/11,2024/12/16
2895047,2024/11/11,2024/12/05
2895813,2024/11/11,2024/12/05
2895830,2024/11/11,2024/12/05
2896030,2024/11/11,2024/12/05
2896035,2024/11/11,2024/12/05
2896084,2024/11/11,2024/12/05
2896085,2024/11/11,2024/12/05
2896119,2024/11/11,2024/12/05
2896142,2024/11/11,2024/12/05
2896144,2024/11/11,2024/12/05
2896174,2024/11/11,2024/12/05
2896175,2024/11/11,2024/12/05
2896179,2024/11/11,2024/12/05
2896180,2024/11/11,2024/12/05
2896183,2024/11/11,2024/12/05
2896195,2024/11/11,2024/12/05
2896197,2024/11/11,2024/12/05
2896198,2024/11/11,2024/12/05
2896216,2024/11/11,2024/12/05
2896217,2024/11/11,2024/12/05
2896223,2024/11/11,2024/12/05
2896224,2024/11/11,2024/12/05
2896225,2024/11/11,2024/12/05
2896226,2024/11/11,2024/12/05
2896254,2024/11/11,2024/12/05
2896258,2024/11/11,2024/12/05
2896333,2024/11/11,2024/12/05
2896334,2024/11/11,2024/12/05
2896335,2024/11/11,2024/12/05
2896379,2024/11/11,2024/12/05
2896381,2024/11/11,2024/12/05
2896382,2024/11/11,2024/12/05
2896386,2024/11/11,2024/12/05
2896389,2024/11/11,2024/12/05
2896392,2024/11/11,2024/12/05
2896393,2024/11/11,2024/12/05
2896394,2024/11/11,2024/12/05
2896395,2024/11/11,2024/12/05
2896396,2024/11/11,2024/12/05
2896443,2024/11/11,2024/12/05
2896496,2024/11/11,2024/12/05
2896506,2024/11/11,2024/12/05
2896507,2024/11/11,2024/12/05
2896511,2024/11/11,2024/12/05
2896516,2024/11/11,2024/12/05
2898527,2024/11/11,2024/12/05
2898649,2024/11/11,2024/12/05
2901310,2024/11/11,2024/12/16
2901402,2024/11/11,2024/12/06
2903111,2024/11/11,2024/12/16
2903933,2024/11/11,2024/11/28
2903940,2024/11/11,2024/12/05
2903941,2024/11/11,2024/12/05
2903995,2024/11/11,2024/12/04
2904260,2024/11/11,2024/12/16
2904500,2024/11/11,2024/12/16
2904553,2024/11/11,2024/12/16
2904558,2024/11/11,2024/12/16
2904868,2024/11/11,2024/12/06
2905903,2024/11/11,2024/12/05
2905916,2024/11/11,2024/12/05
2909248,2024/11/11,2024/12/16
2910025,2024/11/11,2024/12/05
2911390,2024/11/11,2024/12/16
2912572,2024/11/11,2024/12/16
2912663,2024/11/11,2024/12/05
2912676,2024/11/11,2024/12/05
2912728,2024/11/11,2024/12/16
2913981,2024/11/11,2024/12/16
2913983,2024/11/11,2024/11/21
2913984,2024/11/11,2024/12/05
2913988,2024/11/11,2024/12/05
2913989,2024/11/11,2024/12/05
2913990,2024/11/11,2024/12/16
2913991,2024/11/11,2024/12/16
2915677,2024/11/11,2024/12/16
2915749,2024/11/11,2024/12/16
2916117,2024/11/11,2024/12/16
2918325,2024/11/11,2024/12/05
2918494,2024/11/11,2024/12/16
2918500,2024/11/11,2024/12/16
2918937,2024/11/11,2024/11/15
2919130,2024/11/11,2024/12/05
2919164,2024/11/11,2024/12/06
2919188,2024/11/11,2024/12/05
2919189,2024/11/11,2024/12/05
2919190,2024/11/11,2024/12/05
2919192,2024/11/11,2024/12/05
2919193,2024/11/11,2024/12/05
2919194,2024/11/11,2024/12/05
2919196,2024/11/11,2024/12/05
2919197,2024/11/11,2024/12/05
2919208,2024/11/11,2024/12/05
2919211,2024/11/11,2024/12/06
2919212,2024/11/11,2024/12/06
2919215,2024/11/11,2024/12/05
2919218,2024/11/11,2024/12/05
2919220,2024/11/11,2024/12/05
2919221,2024/11/11,2024/12/05
2919222,2024/11/11,2024/12/06
2919223,2024/11/11,2024/12/05
2919224,2024/11/11,2024/12/05
2919225,2024/11/11,2024/12/05
2919226,2024/11/11,2024/12/05
2919227,2024/11/11,2024/12/05
2919228,2024/11/11,2024/12/05
2919229,2024/11/11,2024/12/05
2919230,2024/11/11,2024/12/05
2919232,2024/11/11,2024/12/16
2919234,2024/11/11,2024/12/16
2919241,2024/11/11,2024/12/16
2919246,2024/11/11,2024/12/16
2919250,2024/11/11,2024/11/28
2919287,2024/11/11,2024/12/16
2919290,2024/11/11,2024/12/16
2919291,2024/11/11,2024/12/16
2919292,2024/11/11,2024/12/16
2919294,2024/11/11,2024/12/16
2919296,2024/11/11,2024/12/16
2919299,2024/11/11,2024/12/16
2919301,2024/11/11,2024/12/16
2919303,2024/11/11,2024/12/16
2919315,2024/11/11,2024/12/16
2919316,2024/11/11,2024/12/16
2919317,2024/11/11,2024/12/16
2919319,2024/11/11,2024/12/16
2919321,2024/11/11,2024/12/16
2919322,2024/11/11,2024/12/16
2919323,2024/11/11,2024/12/16
2919332,2024/11/11,2024/12/16
2919335,2024/11/11,2024/12/16
2919336,2024/11/11,2024/12/16
2919337,2024/11/11,2024/12/16
2919341,2024/11/11,2024/12/16
2919342,2024/11/11,2024/12/16
2919345,2024/11/11,2024/12/16
2919346,2024/11/11,2024/12/16
2919347,2024/11/11,2024/12/16
2919349,2024/11/11,2024/12/16
2919350,2024/11/11,2024/12/16
2919351,2024/11/11,2024/12/16
2919352,2024/11/11,2024/11/28
2919353,2024/11/11,2024/11/28
2919354,2024/11/11,2024/11/28
2919355,2024/11/11,2024/11/28
2919357,2024/11/11,2024/11/28
2919358,2024/11/11,2024/11/28
2919359,2024/11/11,2024/12/16
2919360,2024/11/11,2024/12/16
2919365,2024/11/11,2024/12/05
2919379,2024/11/11,2024/12/05
2919381,2024/11/11,2024/12/05
2919382,2024/11/11,2024/12/05
2919384,2024/11/11,2024/12/05
2919386,2024/11/11,2024/12/05
2919387,2024/11/11,2024/12/05
2919389,2024/11/11,2024/12/05
2919390,2024/11/11,2024/12/05
2919406,2024/11/11,2024/12/05
2919409,2024/11/11,2024/12/05
2919411,2024/11/11,2024/12/05
2919414,2024/11/11,2024/12/05
2919416,2024/11/11,2024/12/05
2919419,2024/11/11,2024/12/05
2919421,2024/11/11,2024/12/05
2919422,2024/11/11,2024/12/05
2919423,2024/11/11,2024/12/05
2919424,2024/11/11,2024/12/05
2919426,2024/11/11,2024/12/05
2919427,2024/11/11,2024/12/05
2919428,2024/11/11,2024/12/05
2919436,2024/11/11,2024/12/05
2919438,2024/11/11,2024/12/05
2919441,2024/11/11,2024/12/05
2919442,2024/11/11,2024/12/05
2919443,2024/11/11,2024/12/05
2921259,2024/11/11,2024/12/16
2922156,2024/11/11,2024/12/05
2922164,2024/11/11,2024/12/05
2923783,2024/11/11,2024/12/05
2923793,2024/11/11,2024/12/05
2923839,2024/11/11,2024/12/05
2923847,2024/11/11,2024/12/06
2923850,2024/11/11,2024/12/06
2923855,2024/11/11,2024/12/06
2923872,2024/11/11,2024/12/05
2926307,2024/11/11,2024/12/16
2927908,2024/11/11,2024/12/05
2928925,2024/11/11,2024/11/21
2929257,2024/11/11,2024/12/16
2929930,2024/11/11,2024/12/05
2932528,2024/11/11,2024/12/16
2932778,2024/11/11,2024/12/16
2933034,2024/11/11,2024/12/05
2933784,2024/11/11,2024/12/16
2934145,2024/11/11,2024/12/16
2934674,2024/11/11,2024/12/16
2934762,2024/11/11,2024/12/16
2934763,2024/11/11,2024/12/16
2934764,2024/11/11,2024/12/16
2934961,2024/11/11,2024/12/16
2935074,2024/11/11,2024/12/05
2935076,2024/11/11,2024/11/21
2936158,2024/11/11,2024/12/16
2936647,2024/11/11,2024/12/16
2937053,2024/11/11,2024/12/16
2937342,2024/11/11,2024/12/16
2937345,2024/11/11,2024/12/03
2937654,2024/11/11,2024/12/16
2939167,2024/11/11,2024/12/16
2939793,2024/11/11,2024/12/05
2942891,2024/11/11,2024/11/19
2943047,2024/11/11,2024/12/16
2943725,2024/11/11,2024/12/05
2943866,2024/11/11,2024/12/05
2944962,2024/11/11,2024/12/16
2953635,2024/11/11,2024/12/16
2953755,2024/11/11,2024/12/16
2953760,2024/11/11,2024/12/16
2954037,2024/11/11,2024/12/16
2959791,2024/11/11,2024/12/16
2960552,2024/11/11,2024/12/16
2962207,2024/11/11,2024/12/05
2963026,2024/11/11,2024/12/16
2963027,2024/11/11,2024/12/16
2963028,2024/11/11,2024/12/16
2963029,2024/11/11,2024/12/16
2963032,2024/11/11,2024/12/16
2963036,2024/11/11,2024/12/16
2972538,2024/11/11,2024/12/16
2974575,2024/11/11,2024/12/16
2974583,2024/11/11,2024/12/16
2974936,2024/11/11,2024/12/16
2974950,2024/11/11,2024/12/16
2975466,2024/11/11,2024/11/21
2975499,2024/11/11,2024/11/21
2977988,2024/11/11,2024/12/16
2978601,2024/11/11,2024/12/16
2979063,2024/11/11,2024/12/16
2979763,2024/11/11,2024/11/21
2979774,2024/11/11,2024/11/21
2979997,2024/11/11,2024/11/13
2980113,2024/11/11,2024/12/16
2980595,2024/11/11,2024/11/30
2980796,2024/11/11,2024/12/16
2980797,2024/11/11,2024/12/16
2980799,2024/11/11,2024/12/16
2980800,2024/11/11,2024/12/16
2980806,2024/11/11,2024/12/16
2980807,2024/11/11,2024/12/16
2980808,2024/11/11,2024/12/16
2980809,2024/11/11,2024/12/16
2980810,2024/11/11,2024/12/16
2980811,2024/11/11,2024/12/16
2981393,2024/11/11,2024/12/16
2981641,2024/11/11,2024/12/05
2981643,2024/11/11,2024/12/05
2983064,2024/11/11,2024/12/16
2983416,2024/11/11,2024/11/11
2984507,2024/11/11,2024/12/16
2984763,2024/11/11,2024/12/16
2985014,2024/11/11,2024/12/05
2985015,2024/11/11,2024/12/05
2985910,2024/11/11,2024/12/16
2986177,2024/11/11,2024/12/16
2986278,2024/11/11,2024/12/16
2987345,2024/11/11,2024/12/16
2987919,2024/11/11,2024/12/16
2988103,2024/11/11,2024/12/16
2988109,2024/11/11,2024/12/16
2988644,2024/11/11,2024/12/16
2988658,2024/11/11,2024/12/04
2990905,2024/11/11,2024/12/06
2991177,2024/11/11,2024/12/16
2991826,2024/11/11,2024/12/16
2991850,2024/11/11,2024/12/05
2991854,2024/11/11,2024/12/05
2991859,2024/11/11,2024/12/05
2991862,2024/11/11,2024/12/05
2991863,2024/11/11,2024/12/05
2991865,2024/11/11,2024/12/05
2991926,2024/11/11,2024/12/16
2992011,2024/11/11,2024/12/16
2992084,2024/11/11,2024/12/05
2992508,2024/11/11,2024/12/16
2994635,2024/11/11,2024/11/13
2997297,2024/11/11,2024/12/16
2997850,2024/11/11,2024/12/16
2999449,2024/11/11,2024/12/16
3000388,2024/11/11,2024/12/16
3000627,2024/11/11,2024/12/10
3003080,2024/11/11,2024/12/16
3007688,2024/11/11,2024/12/05
3007704,2024/11/11,2024/12/16
3008222,2024/11/11,2024/12/06
3008223,2024/11/11,2024/12/06
3008227,2024/11/11,2024/12/06
3008228,2024/11/11,2024/12/06
3008284,2024/11/11,2024/12/06
3008296,2024/11/11,2024/12/06
3008297,2024/11/11,2024/12/06
3008299,2024/11/11,2024/12/16
3008300,2024/11/11,2024/12/05
3008301,2024/11/11,2024/12/05
3008302,2024/11/11,2024/12/05
3009015,2024/11/11,2024/12/16
3009089,2024/11/11,2024/12/16
3009098,2024/11/11,2024/12/16
3009367,2024/11/11,2024/12/16
3009441,2024/11/11,2024/12/16
3009462,2024/11/11,2024/12/16
3009469,2024/11/11,2024/12/16
3009487,2024/11/11,2024/12/16
3009497,2024/11/11,2024/11/21
3011371,2024/11/11,2024/11/19
3011412,2024/11/11,2024/11/19
3013471,2024/11/11,2024/12/16
3014161,2024/11/11,2024/12/16
3017504,2024/11/11,2024/12/16
3017512,2024/11/11,2024/12/16
3017579,2024/11/11,2024/12/16
3017613,2024/11/11,2024/12/16
3017614,2024/11/11,2024/12/16
3017686,2024/11/11,2024/12/16
3017703,2024/11/11,2024/12/16
3017860,2024/11/11,2024/12/16
3018183,2024/11/11,2024/12/16
3018268,2024/11/11,2024/12/16
3018309,2024/11/11,2024/12/16
3018338,2024/11/11,2024/12/16
3018401,2024/11/11,2024/12/16
3018403,2024/11/11,2024/12/16
3018411,2024/11/11,2024/12/16
3018414,2024/11/11,2024/12/16
3018420,2024/11/11,2024/12/16
3018649,2024/11/11,2024/11/21
3019375,2024/11/11,2024/12/16
5125145,2024/11/11,2024/12/16
5126825,2024/11/11,2024/12/16
19077488,2024/11/11,2024/12/16
19077496,2024/11/11,2024/12/16
19077522,2024/11/11,2024/12/16
19077524,2024/11/11,2024/12/16
20615793,2024/11/11,2024/12/16
2943373,2024/11/14,2024/11/25
19077605,2024/11/14,2024/12/16
19077499,2024/11/15,2024/12/16
22399884,2024/11/15,2024/12/16
28646277,2024/11/15,2024/12/16
28646283,2024/11/15,2024/12/16
28646287,2024/11/15,2024/12/16
28646292,2024/11/15,2024/12/16
28646295,2024/11/15,2024/12/16
28646296,2024/11/15,2024/12/16
28646299,2024/11/15,2024/12/16
28646302,2024/11/15,2024/12/16
41375111,2024/11/15,2024/12/16
41375112,2024/11/15,2024/12/16
41375126,2024/11/15,2024/12/16
41375139,2024/11/15,2024/12/16
41376087,2024/11/15,2024/12/16
41411783,2024/11/15,2024/12/16
2982909,2024/11/15,2024/12/16
41375113,2024/11/16,2024/12/16
41375115,2024/11/16,2024/12/16
41375117,2024/11/16,2024/12/16
41375127,2024/11/16,2024/12/16
41375128,2024/11/16,2024/12/16
41375129,2024/11/16,2024/12/16
41375130,2024/11/16,2024/12/16
41375133,2024/11/16,2024/12/16
41375134,2024/11/16,2024/12/16
41375135,2024/11/16,2024/12/16
41375136,2024/11/16,2024/12/16
41375138,2024/11/16,2024/12/16
41376086,2024/11/16,2024/12/16
41376088,2024/11/16,2024/12/16
41376097,2024/11/16,2024/12/16
41376098,2024/11/16,2024/12/16
41376099,2024/11/16,2024/12/16
41376100,2024/11/16,2024/12/16
41376101,2024/11/16,2024/12/16
41376102,2024/11/16,2024/12/16
41376398,2024/11/16,2024/12/16
41376399,2024/11/16,2024/12/16
41376400,2024/11/16,2024/12/16
41376401,2024/11/16,2024/12/16
41376402,2024/11/16,2024/12/16
41376403,2024/11/16,2024/12/16
41376404,2024/11/16,2024/12/16
41376405,2024/11/16,2024/12/16
41376406,2024/11/16,2024/12/16
41376407,2024/11/16,2024/12/16
41376408,2024/11/16,2024/12/16
41376409,2024/11/16,2024/12/16
41410781,2024/11/16,2024/12/16
41410795,2024/11/16,2024/12/16
41410801,2024/11/16,2024/12/16
41411743,2024/11/16,2024/12/16
41411747,2024/11/16,2024/12/16
41411748,2024/11/16,2024/12/16
41411770,2024/11/16,2024/12/16
41411772,2024/11/16,2024/12/16
41411780,2024/11/16,2024/12/16
42379244,2024/11/18,2024/12/16
41375109,2024/11/19,2024/12/16
41375110,2024/11/19,2024/12/16
41375114,2024/11/19,2024/12/16
41375116,2024/11/19,2024/12/16
41375119,2024/11/19,2024/12/16
41375120,2024/11/19,2024/12/16
41375121,2024/11/19,2024/12/16
41375123,2024/11/19,2024/12/16
41375125,2024/11/19,2024/12/16
41375131,2024/11/19,2024/12/16
41375132,2024/11/19,2024/12/16
41375140,2024/11/19,2024/12/16
41376085,2024/11/19,2024/12/16
41410772,2024/11/19,2024/12/16
41410779,2024/11/19,2024/12/16
41410782,2024/11/19,2024/12/16
41410793,2024/11/19,2024/12/16
41411750,2024/11/19,2024/12/16
41411752,2024/11/19,2024/12/16
41411753,2024/11/19,2024/12/16
41411754,2024/11/19,2024/12/16
41411756,2024/11/19,2024/12/16
41411764,2024/11/19,2024/12/16
41411766,2024/11/19,2024/12/16
18199119,2024/12/05,2024/12/16
19077543,2024/12/06,2024/12/16
914343,2024/12/09,2024/12/16
7502700,2024/12/10,2024/12/16
42381015,2024/12/13,2024/12/16
2986058,2024/12/14,2024/12/16
2986059,2024/12/14,2024/12/16
